,Column 1,question_type,exam_year,semester,moed,question_number,url,points,question_translation_latex,multiple_choice_answer,topics_covered,dataset,question_in_hebrew,answer_in_hebrew,answer_translation_latex,chat_answer,is_chat_correct,is_ptbs_good,nli_results,nli_correct(bart),nli_correct(deberta),nlis_agree
0,90,C,2004,a,a,3,https://docs.google.com/document/d/1XDB0oWMfvAxlym7XTAow0iF4PbwLN3qE,7,"
$T(n) = T(n/4) + T(3n/4) + 1$  
A. $T(n) = \theta(n)$  
B. $T(n) = \theta(n^{\log_3{4}})$  
C. $T(n) = \theta(n\log{n})$  
D. $T(n) = \theta(n^{0.75})$  
E. $T(n) = \theta(\log^2{n})$  
F. $T(n) = \theta(\log^{0.75}{n})$
",A,a,tested,"
T(n) = T(n/4) + T(3n/4) + 1
א. T(n) = θ(n)
ב. T(n) = θ(n^(log(4)/log(3))) 
ג. T(n) = θ(nlog(n))
ד. T(n) = θ(n^0.75)
ה. T(n) = θ(log(n)^2) 
ו. T(n) = θ(log(n)^0.75)",א.,"
Part A.
",B. $T(n) = \theta(n^{\log_3{4}})$,no,yes,"[['contradiction'], ['contradiction']]",yes,yes,1
1,92,C,2004,a,a,5,https://docs.google.com/document/d/1XDB0oWMfvAxlym7XTAow0iF4PbwLN3qE,7,"
If \(\log(f(n)) = \theta(\log(g(n)))\) then necessarily:
a. \(f(n) = \theta(g(n + 1))\)
b. \(f(n) = \theta(g(n/2))\) 
c. \(f(n) = \theta(g(n^{0.5}))\)
d. a + b
e. a + b + c
f. None of the above
",F,a,tested,"אם log(f(n)) = θ(log(g(n))) אז בהכרח:
א. f(n) = θ(g(n + 1))
ב. f(n) = θ(g(n/2)) 
ג. f(n) = θ(g(n^0.5))
ד. א + ב
ה. א + ב + ג
ו. אף אחת מהנ""ל","ו. 
דוגמה נגדית:
f(n) = n!  ,   g(n) = nn","
\subsection{Counterexample}
\( f(n) = n! \), \( g(n) = n^n \)
","\(\log(f(n)) = \theta(\log(g(n)))\) means there exist positive constants \(c_1\), \(c_2\), and \(n_0\) such that 
\(0 \leq c_1 \log(g(n)) \leq \log(f(n)) \leq c_2 \log(g(n))\) for all \(n \geq n_0\).

Therefore, \(c_1 \log(g(n + 1)) \leq \log(f(n)) \leq c_2 \log(g(n + 1))\) for all \(n \geq n_0\),
which implies that \(g(n + 1) \leq f(n) \leq g(n + 1)^{c_2/c_1}\) for all \(n \geq n_0\).

Since \(g(n + 1) \leq f(n) \leq g(n + 1)^{c_2/c_1}\) for all \(n \geq n_0\), we can conclude that \(f(n) = \theta(g(n + 1))\).

Therefore, the correct answer is: a. \(f(n) = \theta(g(n + 1))\)",no,yes,"[['contradiction'], ['neutral']]",yes,n,0
2,93,C,2004,a,a,6,https://docs.google.com/document/d/1XDB0oWMfvAxlym7XTAow0iF4PbwLN3qE,7,"
Given a binary search tree that supports order statistic operations. The height of the tree in edges is \( h \) and it contains \( n \) elements. An in-order traversal is performed on the tree, but instead of printing the keys, the value of the Size field is printed.
The maximum value will necessarily be printed in the location:
\begin{enumerate}
    \item First
    \item Last
    \item One of the first \( h \) places.
    \item One of the last \( h \) places.
    \item \( n/2 \)
    \item None of the above.
\end{enumerate}
",F,e,tested,"נתון עץ חיפוש בינארי התומך בפעולות סדר סטטיסטי (Order Statistic). גובה העץ בקשתות הוא h ויש בו n איברים. מבצעים על העץ סריקת LDR (In-order) , אלא שבמקום להדפיס את המפתחות, מדפיסים את ערך השדה Size.
הערך המקסימלי יודפס בהכרח במקום:
א. הראשון
ב. האחרון
ג. אחד מ-h המקומות הראשונים.
ד. אחד מ-h המקומות האחרונים.
ה. n/2
ו. אף אחד מהנ""ל.","ו.
הערך Size המקסימלי שייך לשורש. השורש יכול להיות כל סדר סטטיסטי, ולכן יכול להופיע בכל מקום בהדפסת Inorder","
6. The maximum Size value belongs to the root. The root can be of any statistical order, therefore it can appear anywhere in the Inorder printout.
","The value of the Size field represents the number of nodes in the subtree rooted at that node. Since the binary search tree supports order statistic operations, we can determine the number of nodes in each subtree efficiently.

During an in-order traversal of a binary search tree, the nodes are visited in non-decreasing order of their keys. The Size field for a node represents the number of nodes in its left subtree plus the number of nodes in its right subtree, plus one (for the node itself).

To find the maximum value of the Size field printed during the in-order traversal, we need to consider the node with the largest subtree size. This node will be the root of the subtree with the most nodes since the number of nodes in a subtree is the sum of nodes in the left and right subtrees plus one. Therefore, the maximum value will necessarily be printed in the location:

\begin{enumerate}
    \item First
    \item Last
    \item One of the first \( h \) places.
    \item One of the last \( h \) places.
    \item \( n/2 \)
    \item None of the above.
\end{enumerate}

Therefore, the answer is:

\[\text{One of the first } h \text{ places.}\]",no,yes,"[['entailment'], ['neutral']]",no,n,0
3,95,C,2004,a,a,8,https://docs.google.com/document/d/1XDB0oWMfvAxlym7XTAow0iF4PbwLN3qE,7,"\noindent
Modify the QuickSort algorithm as follows: the pivot element will be selected by choosing the $n/4$ order statistic, using the Select function. The running time of the new algorithm will be:
\begin{itemize}
    \item[(a)] W.C.- $\Theta(n\log(n))$, Expected - $\Theta(n)$
    \item[(b)] W.C.- $\Theta(n^2)$, Expected - $\Theta(n^2)$ 
    \item[(c)] W.C.- $\Theta(n^2)$, Expected - $\Theta(n\log(n))$
    \item[(d)] W.C.- $\Theta(n\log(n))$, Expected - $\Theta(n\log(n))$
    \item[(e)] W.C.- $\Theta(n^{0.25}\log(n))$, Expected - $\Theta(n^{0.25}\log(n))$ 
    \item[(f)] W.C.- $\Theta(n^2\log(n))$, Expected - $\Theta(n^2\log(n))$
\end{itemize}",D,j,tested,"נשנה את אלגוריתם QuickSort באופן הבא: בחירת איבר הציר (Pivot) תבוצע על ידי בחירת הסדר הסטטיסטי ה-n/4 , בעזרת פונקצית Select.    זמן ריצת האלגוריתם החדש יהיה:
א. W.C.- θ(nlog(n)), Expectet -θ(n)
ב. W.C.- θ(n^2), Expectet -θ(n^2) 
ג. W.C.- θ(n^2), Expectet -θ(nlog(n))
ד. W.C.- θ(nlog(n)), Expectet -θ(nlog(n))
ה. W.C.- θ(n^0.25log(n)), Expectet -θ(n^0.25log(n)) 
ו. W.C.- θ(n^2log(n)), Expectet -θ(n^2log(n))","ד. 
זמן הריצה יהיה זהה למקרה הגרוע ולמקרה הממוצע – למעשה לא יושפע מהקלט או מהגרלות.
נוסחת הנסיגה: T(n) = T(3n/4) + T(n/4) + Θ(n) (עד כדי עיגול לשלמים).","The correct answer is D.\\

The runtime will be the same for the worst case and the average case – it will not actually be affected by the input or random choices.
The recurrence formula: \( T(n) = T\left(\frac{3n}{4}\right) + T\left(\frac{n}{4}\right) + \Theta(n) \) (rounded to integers).","The solution in latex format is as follows:

\begin{itemize}
    \item[(a)] W.C.- $\Theta(n\log(n))$, Expected - $\Theta(n)$
    \item[(b)] W.C.- $\Theta(n^2)$, Expected - $\Theta(n^2)$ 
    \item[(c)] W.C.- $\Theta(n^2)$, Expected - $\Theta(n\log(n))$
    \item[(d)] W.C.- $\Theta(n\log(n))$, Expected - $\Theta(n\log(n))$
    \item[(e)] W.C.- $\Theta(n^{0.25}\log(n))$, Expected - $\Theta(n^{0.25}\log(n))$ 
    \item[(f)] W.C.- $\Theta(n^2\log(n))$, Expected - $\Theta(n^2\log(n))$
\end{itemize}",question,yes,"[['neutral'], ['entailment']]",,,
4,102,C,2004,b,"a,b",1,https://docs.google.com/document/d/1LSxoxH2sEItqkTRlrCstcMk02LN676Jz,8,"
Solve the following recurrence formula:
\[ T(n) = T(c \cdot n) + T((1-c) \cdot n) + n \]
where \( c \) is a constant, \( 0 < c < 1 \).

\begin{enumerate}
    \item \( T(n) = \theta(n) \)
    \item \( T(n) = \theta(n \log n) \)
    \item \( T(n) = \theta(n^{1.5}) \)
    \item \( T(n) = \theta(n^2) \)
\end{enumerate}
",B,a,tested,"פתרו את נוסחת הנסיגה הבאה:
T(n) = T(c*n) + T((1-c)*n) + n כאשר נתון ש-c קבוע, 0 < c < 1 
א. T(n) = θ(n)
*ב. T(n) = θ(nlog(n)) 
ג. T(n) = θ(n^1.5)
ד. T(n) = θ(n^2)",הוכחה באינדוקציה או על ידי עץ רקורסיה.,\noindent Proof by induction or by recursion tree.,"To solve the given recurrence formula, we will use the Akra-Bazzi theorem. 

Let's define constants \( a_1 = a_2 = 1 \) and \( b_1 = b_2 = 0 \). Then we have:

\[ c^p + (1-c)^p = 1 \]

Solving this equation, we get: 
\[ p = \frac{1}{\log_{c} \frac{1}{1-c}} \]

Now we need to check the regularity condition:

For the two subproblems:
\[ n \rightarrow c \cdot n : \left( c \cdot n \right) = c \cdot n < n \]
\[ n \rightarrow (1-c) \cdot n : \left( (1-c) \cdot n \right) = (1-c) \cdot n < n \]

Therefore, the regularity condition is satisfied. 

Now, using the Akra-Bazzi theorem, the solution to the recurrence formula is:

\[ T(n) = \theta \left( n^{p} \left( 1 + \int_{1}^{n} \frac{g(u)}{u^{p+1}} du \right) \right) \]

Substituting the values we found earlier, we get:

\[ T(n) = \theta \left( n^{\frac{1}{\log_{c} \frac{1}{1-c}}} \left( 1 + \int_{1}^{n} \frac{u}{u^{\frac{1}{\log_{c} \frac{1}{1-c}}+1}} du \right) \right) \]

\[ T(n) = \theta \left( n^{\frac{1}{\log_{c} \frac{1}{1-c}}} \left( 1 + \int_{1}^{n} \frac{1}{u^{\frac{1}{\log_{c} \frac{1}{1-c}}}} du \right) \right) \]

After solving this integral and simplifying, we will be able to determine the asymptotic behavior of \( T(n) \) and match it with the given options.",maybe,no,"[['neutral'], ['entailment']]",,,
5,103,C,2004,b,"a,b",2,https://docs.google.com/document/d/1LSxoxH2sEItqkTRlrCstcMk02LN676Jz,8,"What is the asymptotic relationship between the following functions:
If there are multiple correct answers, choose the tightest one.
\( f(n) = \frac{n}{\log(n)}, \quad g(n) = \frac{n^2}{(\log(n))^{2004}} \)
\begin{enumerate}
    \item \( f(n) = O(g(n)) \)
    \item \( f(n) = \Omega(g(n)) \)
    \item \( f(n) = \Theta(g(n)) \)
    \item \( f(n) = o(g(n)) \)
    \item \( f(n) = \omega(g(n)) \)
\end{enumerate}",D,a,tested,"מהו היחס האסימפטוטי בין הפונקציות הבאות:
אם יש כמה תשובות נכונות, בחרו את ההדוקה ביותר.
f(n) = n/log(n), g(n) = n^2/(log(n))^2004
א. f(n) = O(g(n))
ב. f(n) = Ω(g(n)) 
ג. f(n) = θ(g(n))
*ד. f(n) = o(g(n)) 
ה. f(n) = w(g(n))",לכל >0 מתקיים log n = o(n).,"
For all \( \epsilon > 0 \), it holds that \(\log n = o(n)\).
","The correct answer is:
\begin{enumerate}
    \item \( f(n) = o(g(n)) \)
\end{enumerate}",yes,no,"[['neutral'], ['neutral']]",n,n,
6,106,C,2004,b,"a,b",5,https://docs.google.com/document/d/1LSxoxH2sEItqkTRlrCstcMk02LN676Jz,9,"Given an Order-Statistics Tree as defined in class, with the additional field size (i.e., the size of a node x is the number of nodes, including x, in the subtree for which x is the root). In how much time can we print the k nodes in the tree with the largest size field? It is allowed to assume that $k < n^{0.5}$.
A. \(\Theta(n)\).
B. \(\Theta(n \log n)\).
C. \(\Theta(k \log n)\).
D. \(\Theta(k \log k)\).
E. \(\Theta(k)\).",D,p,tested,"נתון עץ Order-Statistics כפי שהוגדר בכיתה, עם השדה הנוסף size (כלומר size של צומת x הוא מספר הצמתים, כולל x, בתת העץ שזה ש-x הוא השורש שלו). בכמה זמן ניתן להדפיס את k הצמתים בעץ להם שדה size גדול ביותר. מותר להניח ש k < n^0.5.
א. Θ(n).
ב. Θ(n log n).
ג. Θ(k log n).
*ד. Θ(k log k).
ה. Θ(k).","בדומה להדפסת k האיברים הגדולים ביותר בערימת מקסימום. נשתמש בערימת עזר, שתכיל את המועמדים להדפסה, ובכל שלב נדפיס את המקסימלי של ערימת עזר, נמחק אותו מערימת העזר, ואת שני בניו מהעץ נכניס במקומו לערימת העזר.","
Similar to printing the $k$ largest elements from a max heap, we will use an auxiliary heap, which will contain the candidates for printing. At each step, we will print the maximum of the auxiliary heap, remove it from the auxiliary heap, and insert its two children from the tree into the auxiliary heap.
","The solution to this question is:

C. \(\Theta(k \log n)\).

Explanation:
We can use an algorithm similar to in-order traversal with a slight modification. We will follow the largest-size direction first, i.e., at each node, we will first visit the subtree with the larger size. This way, we are guaranteed to visit the nodes in decreasing order of size.

To print the k nodes with the largest size field, we need to visit each of these nodes once. In the worst-case scenario, we might need to traverse up to k levels in the tree to find the k largest nodes. At each level of the tree, we might need to do some constant work to decide which subtree to visit next.

Therefore, the total time complexity will be proportional to the number of nodes we visit, which is \(\Theta(k)\), and the height of the tree, which is \(\Theta(\log n)\). Hence, the overall time complexity will be \(\Theta(k \log n)\).",no,no,"[['contradiction'], ['neutral']]",yes,n,
7,107,C,2004,b,"a,b",6,https://docs.google.com/document/d/1LSxoxH2sEItqkTRlrCstcMk02LN676Jz,8,"\begin{quote}
We want a data structure that supports the operations Insert, Delete, and Find.

Two data structures are proposed:
The first supports all operations in W.C. time \( O(n) \) and in Amortized time per operation \( O(1) \).
The second supports all operations in W.C. time \( O(\log n) \) and in Amortized time per operation \( O(\log N) \).

We remind that \( n \) describes the number of elements in the structure, and \( N \) describes the number of operations performed on the structure.

The structure is needed for an algorithm that performs \( N \) operations on the structure. The structure is initialized to an empty state. At the beginning of the algorithm's run, \( N/10 \) insert operations are performed on it.

Which of the two structures is preferable in order to achieve the lowest W.C. time for the algorithm?
\begin{itemize}
    \item [a.] The first.
    \item [b.] The second.
    \item [c.] The answer for \( n = N/2 \) is different from the answer for \( n = N/4 \).
    \item [d.] None of the above answers.
\end{itemize}
\end{quote}",A,b,tested,"רוצים מבנה נתונים שתומך בפעולות Insert, Delete ו-Find.
מוצעים שני מבנים:
הראשון תומך בכל הפעולות בזמן W.C. O(n) ובזמן Amortized לפעולה O(1).
השני תומך בכל הפעולות בזמן W.C. O(log n) ובזמן Amortized לפעולה O(log N).
נזכיר ש-n מתאר את מספר האיברים במבנה, ו-N מתאר את מספר הפעולות שבוצעו על המבנה.

המבנה דרוש לאלגוריתם שמבצע N פעולות על המבנה. המבנה מאותחל למצב ריק. בתחילת ריצת האלגוריתם מבוצעות עליו N/10פעולות insert.

איזה משני המבנים עדיף, על מנת  להשיג זמן W.C. הנמוך ביותר לאלגוריתם?
*א. הראשון.
ב. השני.
ג. התשובה עבור n = N/2שונה מהתשובה עבור n = N/4.
ד. אף אחת מהתשובות הנ""ל.",הראשון דורש זמן כולל O(N). השני דורש זמן כולל O(N log N) .,The first requires total time $O(N)$. The second requires total time $O(N \log N)$.,"\textbf{Solution:}

The first structure supports all operations in worst-case time \( O(n) \) and in amortized time per operation \( O(1) \).

The second structure supports all operations in worst-case time \( O(\log n) \) and in amortized time per operation \( O(\log N) \).

Since the structure is needed for an algorithm that performs \( N \) operations on the structure, and at the beginning, \( N/10 \) insert operations are performed, the total number of elements in the structure after initialization will be \( N/10 \).

Now, let's compare the two structures:

1. For the first structure:
- Worst-case time for \( N/10 \) insert operations: \( O(N) \)
- Amortized time per operation for the remaining operations: \( O(1) \)

2. For the second structure:
- Worst-case time for \( N/10 \) insert operations: \( O(\log (N/10)) = O(\log N) \)
- Amortized time per operation for the remaining operations: \( O(\log N) \)

From the comparison above, we can see that the second structure is preferable in order to achieve the lowest worst-case time for the algorithm.

Therefore, the correct answer is \textbf{(b.)} The second.",no,yes,"[['contradiction'], ['neutral']]",yes,n,0
8,108,C,2004,b,"a,b",7,https://docs.google.com/document/d/1LSxoxH2sEItqkTRlrCstcMk02LN676Jz,9,"
We are interested in the following problem:
Input: An array of size $n$.
Question: Are there 2 values in the array such that the number of their occurrences together is exactly 2004?

We want an algorithm that will solve the problem in the shortest expected time.
It can be done in expected time:
A. $\Theta(\log(n))$
B. $\Theta(n)$ 
C. $\Theta(n\log(n))$
D. $\Theta(n^2)$
E. None of the above
",B,a,tested,"נתעניין בבעיה הבאה:
קלט: מערך בגודל n.
שאלה: האם יש במערך 2 ערכים שמספר המופעים של שניהם יחד הוא בדיוק 2004.

רוצים אלגוריתם שיפתור את הבעיה בתוחלת זמן הקצרה ביותר.
ניתן לעשות זאת בתוחלת זמן:
א. θ(log(n))
*ב. θ(n) 
ג. θ(nlog(n))
ד. θ(n^2)
ה. אף אחד מהנ""ל","נכניס את כל האיברים לטבלת Hash בגודל n (פתרון התנגשויות על ידי רשימות מקושרות) בתוחלת זמן O(n) . ערכים כפולים נשמור באותו איבר ברשימה על ידי מונה.
המונים הם שלמים בין 1 ל-n לכן אפשר למיין אותם במערך על ידי מיון מניה (CountSort) בזמן O(n). עכשיו בעזרת שני אינדקסים אפשר לרוץ על המערך מההתחלה ומהסוף, ולבדוק האם יש שני איברים במערך שסכומם 2004.","\noindent
Insert all elements into a Hash table of size $n$ (collision resolution using linked lists) in expected time $O(n)$. Duplicate values will be stored in the same list element by a counter. \\
The counters are integers between $1$ and $n$, so they can be sorted in an array using counting sort (CountSort) in time $O(n)$. Now, with the help of two indices, one can traverse the array from the beginning and the end, and check if there are two elements in the array whose sum is $2004$. \\","The solution is: B. $\Theta(n)$

We can solve this problem in linear time by using a hash table to keep track of the frequency of each value in the array. We then iterate through the array and check if there exists a pair of values whose frequencies sum up to 2004. This can be done in $\Theta(n)$ time.",yes,yes,"[['neutral'], ['entailment']]",yes,yes,1
9,118,C,2005,a,a,5,https://docs.google.com/document/d/1Ze9Vu1t-M8eGfSRY5m6GdpbIz9KUxnzN,8,"
In a max-heap, the median is necessarily located:

A. at the root.

B. at a depth of at most $\frac{\log(n)}{2} - 1$.

C. at a depth of at most $\frac{\log(n)}{2} + 1$.

D. in the two lowest layers.

E. none of the above.
",E,h,tested,"בערימת מקסימום, החציון נמצא  בהכרח:
א. בשורש.
ב. בעומק לכל היותר log(n)/2 - 1 .
ג. בעומק לכל היותר log(n)/2 + 1
ד. בשתי השכבות הנמוכות ביותר.
ה. אף אחד מהנ""ל.","ה. החציון יכול להיות בן ישיר של השורש (למשל אם כל תת עץ ימין גדולים מכל תת עץ שמאל) ויכול גם להיות באחד העלים (אם חצי הערכים הקטנים ביותר נמצאים בעלים).
","\begin{itemize}
    \item[(e)] The median can be a direct child of the root (for example, if every right subtree is larger than every left subtree), and it can also be in one of the leaves (if the half smallest values are in the leaves).
\end{itemize}","The solution in LaTeX format is:

\textbf{B.} at a depth of at most $\frac{\log(n)}{2} - 1$.",no,yes,"[['neutral'], ['neutral']]",n,yes,0
10,119,C,2005,a,a,6,https://docs.google.com/document/d/1Ze9Vu1t-M8eGfSRY5m6GdpbIz9KUxnzN,8,"\noindent Let \( T \) be an AVL tree with \( n \) nodes. The height of a node is defined as the length of the longest path (in edges) from it to a leaf. For example, the height of a leaf is 0. Let \( m \) be the node that contains the minimum value in the tree. Then the height of \( m \) in \( T \) is: 

\begin{enumerate}
    \item necessarily \( 0 \).
    \item less than or equal to \( 1 \).
    \item exactly \( 1 \).
    \item less than or equal to \( 2 \).
    \item possibly \(\Theta(\log(n))\).
    \item possibly \(\Theta(n)\).
\end{enumerate}",B,f,tested,"יהא T עץ AVL בעל n  צמתים. גבהו של צמת מוגדר כאורך המסלול (בקשתות) הארוך ביותר ממנו לעלה. לדוגמה – גבהו של עלה הינו 0. יהא m  הצומת שמכיל את ערך המינימום בעץ. אזי גבהו של m  ב-T הינו: 

א. בהכרח 0.
ב. קטן מ או שווה ל 1. 
ג. בדיוק 1.
ד. קטו מ או שווה ל 2.
ה. יכול להיות θ(log(n)).
ו. יכול להיות θ(n).","ב. למינימום אין בן שמאלי. לכן הוא עלה או צומת עם בן ימני שחייב, לפי הגדרת AVL , להיות עלה.","
b. The minimum has no left child. Therefore, it is a leaf or a node with a right child that must, according to the AVL definition, be a leaf.
","\begin{enumerate}
    \item necessarily \( 0 \).
    \item less than or equal to \( 1 \).
    \item exactly \( 1 \).
    \item less than or equal to \( 2 \).
    \item possibly \(\Theta(\log(n))\).
    \item possibly \(\Theta(n)\).
\end{enumerate}",question,yes,"[['neutral'], ['contradiction']]",,,
11,120,C,2005,a,a,7,https://docs.google.com/document/d/1Ze9Vu1t-M8eGfSRY5m6GdpbIz9KUxnzN,9,"\noindent Given an array $A$ containing $n$ distinct (unsorted) elements. A min-heap $H$ is given, containing the same elements. We want to take the smallest $n^{0.5}$ elements and sort them in the lowest worst-case time. Let $a(n)$ be the cost of performing the operation (with the best algorithm you know) on $A$ and let $h(n)$ be the cost of performing the operation (with the best algorithm you know) on $H$. Then:
\begin{enumerate}
    \item The cost of execution for both algorithms is identical.
    \item The cost of execution for both algorithms is asymptotically the same, but the constant factor for $a(n)$ is lower.
    \item The cost of execution for both algorithms is asymptotically the same, but the constant factor for $h(n)$ is lower.
    \item $a(n) = o(h(n))$.
    \item $h(n) = o(a(n))$.
\end{enumerate}",5,"d,h",tested,"נתון מערך A ובו n  נתונים שונים זה מזה (לא ממוינים). נתונה ערימת מינימום H ובה אותם נתונים. מעוניינים לקחת את n^0.5 האיברים הקטנים ביותר ולמיינם בזמן Worst case  הנמוך ביותר. יהא a(n)  עלות ביצוע הפעולה (על ידי האלגוריתם הטוב ביותר שהנכם מכירים) על A ותהא h(n)  עלות היבצוע (על ידי האלגוריתם הטוב ביותר שהנכם מכירים)  על H. אזי:  
1. עלות הבצוע של שני האלגורתמים זהה. 
2. עלות הבצוע של שני האלגורתמים בסדר גודל  זהה אבל הקבוע של a(n) נמוך יותר.
3. עלות הבצוע של שני האלגורתמים בסדר גודל  זהה אבל הקבוע של h(n) נמוך יותר.
a(n)=o(h(n .4. )).
h(n)=o(a(n .5)).",ה. על A מבצעים ORDER STAT ואחכ מיון. עלות:  EMBED Equation.3  על H מבצעים  EMBED Equation.3   DELETEMIN . עלות:  EMBED Equation.3,"
5. Perform ORDER STAT on \( A \) and then sort. Cost: \(\Theta(A \log A)\). Perform \(\Theta(H \cdot \log H)\) DELETEMIN on \( H \). Cost: \(\Theta(H \cdot \log H)\).
","\begin{enumerate}
    \item The cost of execution for both algorithms is identical.
    \item The cost of execution for both algorithms is asymptotically the same, but the constant factor for $a(n)$ is lower.
    \item The cost of execution for both algorithms is asymptotically the same, but the constant factor for $h(n)$ is lower.
    \item $a(n) = o(h(n))$.
    \item $h(n) = o(a(n))$.
\end{enumerate}",question,,"[['contradiction'], ['contradiction']]",,,
12,139,C,2006,a,a,3,https://docs.google.com/document/d/1altMUQBVybKQpoFz-rQsDmI_e0FWhzbu,8,"
The recurrence formula \( T(n) = T(n/2) + T(n/2) + \theta(n) \) describes the W.C. running time of the following algorithms:
Note: For a specific algorithm, it is not enough that the complexity matches the solution of the recurrence formula. The recurrence formula must also fit the operation of the algorithm.
\begin{enumerate}
    \item QuickSort
    \item QuickSort where the pivot element is chosen to be the median using Select.
    \item Sorting by insertion into an AVL search tree and scanning the tree at the end.
    \item MergeSort
    \item b + d
    \item b + c + d
\end{enumerate}
",E,"f,j",tested,"נוסחת הנסיגה T(n) = T(n/2) + T(n/2) + θ(n)  
מתארת את זמן W.C. הריצה של האלגוריתמים הבאים :
הערה: עבור אלגוריתם מסוים לא מספיק שסיבוכיות תהיה זהה לפתרון נוסחת הנסיגה. צריך גם שנוסחת הנסיגה תתאים לפעולת האלגוריתם.  
א. QuickSort
ב. QuickSort כאשר איבר הציר (Pivot) נבחר להיות החציון על ידי Select.
ג. מיון על ידי הכנסות לעץ חיפוש AVL וסריקת העץ בסוף.
ד. MergeSort
ה. ב + ד
ו.  ב + ג + ד ","ה.
נוסחת הנסיגה מתארת את MergeSort וגם את QuickSort בתנאי שאיבר הציר נבחר להיות החציון בזמן לינארי (למשל על ידי Select). ב-QuickSort רגיל החלוקה עלולה להיות לא מאוזנת ולכן נוסחת הנסיגה הנ""ל לא מתאימה.  מיון על ידי עץ AVL אמנם לוקח  EMBED Equation.DSMT4  , שזהו הפתרון של T, אבל T לא מתאימה לתיאור זמן הריצה (למשל, כי זה לא אלגוריתם רקורסיבי).","
5. 
The recurrence formula describes both MergeSort and QuickSort, provided that the pivot element is chosen to be the median in linear time (for example, using Select). In standard QuickSort, the partitioning can be unbalanced, so the above recurrence formula is not suitable. Sorting using an AVL tree indeed takes \(O(n \log n)\), which is the solution of \(T\), but \(T\) does not fit to describe the runtime (for example, because it is not a recursive algorithm).
","To solve this question, we need to analyze each algorithm and determine if the given recurrence formula \( T(n) = T(n/2) + T(n/2) + \theta(n) \) describes its worst-case running time accurately.

1. QuickSort:
The recurrence formula does not accurately describe the worst-case running time of QuickSort. QuickSort has a worst-case time complexity of \( O(n^2) \) when the pivot element turns out to be the smallest or largest element in the list.

2. QuickSort with median pivot selection using Select:
Similar to regular QuickSort, the recurrence formula does not accurately describe the worst-case running time of QuickSort with median pivot selection. The worst-case time complexity remains \( O(n^2) \).

3. Sorting by insertion into an AVL search tree and scanning at the end:
The recurrence formula accurately describes the worst-case running time of this algorithm. The operation involves inserting elements into an AVL tree of size n, which has a time complexity of \( O(log n) \) per operation.

4. MergeSort:
The recurrence formula accurately describes the worst-case running time of MergeSort. MergeSort has a time complexity of \( O(n \log n) \) in the worst case.

5. b + d:
The recurrence formula does not accurately describe the worst-case running time of this algorithm. Without more information about what b and d represent, it is not possible to determine the time complexity.

6. b + c + d:
Similar to the previous case, the recurrence formula does not accurately describe the worst-case running time of this algorithm without more context on the values of b, c, and d.

Therefore, the only algorithm for which the given recurrence formula matches the worst-case running time is the algorithm that sorts by insertion into an AVL search tree and scans the tree at the end.",no,yes,"[['contradiction'], ['neutral']]",yes,n,0
13,140,C,2006,a,a,5,https://docs.google.com/document/d/1altMUQBVybKQpoFz-rQsDmI_e0FWhzbu,8,"
Given a 2-3 search tree where the root has exactly two children: left and middle. Let \( X \) denote the number of nodes in the middle subtree and \( Y \) denote the number of nodes in the left subtree. Which of the following is necessarily true? (If more than one answer is correct, choose the tightest one).

\begin{itemize}
    \item[A.] \( X = Y \)
    \item[B.] \( X \leq 1.5Y \)
    \item[C.] \( X \leq 2Y \)
    \item[D.] \( X \leq 6Y \)
    \item[E.] \( X \leq 2006Y \)
    \item[F.] None of the above.
\end{itemize}
",F,f,tested,"נתון עץ חיפוש 2-3  שבו לשורש יש בדיוק שני בנים: שמאלי ומרכזי.
נסמן ב-X את מספר הצמתים בתת העץ המרכזי וב-Y את מספר הצמתים בתת עץ שמאל. מה מהבאים בהכרח נכון?
(אם יש יותר מתשובה אחת נכונה, בחרו את ההדוקה ביותר).
א. X = Y
ב. X <= 1.5*Y 
ג. X <= 2*Y
ד. X <= 6*Y
ה. X <= 2006*Y
ו. אף אחד מהנ""ל.","ו.
יתכן מצב שבו בתת עץ אחד לכל צומת יש בדיוק שני בנים ובתת העץ השני לכל צומת יש בדיוק 3 בנים. לכן אם גבה העץ הוא h אז בתת עץ אחד מספר הצמתים הוא  EMBED Equation.DSMT4  ובשני  EMBED Equation.DSMT4  . כלומר בראשון יש  EMBED Equation.DSMT4  צמתים ובשני יותר מ- EMBED Equation.DSMT4  צמתים.","\textbf{6.}\\
It is possible for one subtree of each node to have exactly two children and the other subtree to have exactly three children. Therefore, if the height of the tree is $h$, then in one subtree the number of nodes is $2^h - 1$ and in the other $3^h - 1$. That is, in the first there are $2^h - 1$ nodes, and in the second more than $2^h - 1$ nodes.

","The correct answer is:

\[ C. \ X \leq 2Y \]",no,yes,"[['entailment'], ['neutral']]",no,no,1
14,142,C,2006,a,a,7,https://docs.google.com/document/d/1altMUQBVybKQpoFz-rQsDmI_e0FWhzbu,8,"
Given a binary search tree (not necessarily balanced) with \( n \) nodes, where each node has two additional fields: Pred, Suc, which point to the predecessor and successor of the node. We want to implement the Delete operation on this tree in the best possible W.C. time, such that after the deletion all the fields in the tree are correct. The delete operation receives a pointer to the element intended for deletion. It is allowed to assume that all the regular fields exist, such as \texttt{Parent[x]}. The resulting time is:
\begin{enumerate}
    \item \(\Theta(1)\)
    \item \(\Theta(\log(n))\) independent of the height of the tree.
    \item \(\Theta(n)\) independent of the height of the tree.
    \item \(\Theta(h)\) where \( h \) is the height of the tree.
    \item \(\Theta(n\log(n))\)
    \item It is impossible to perform deletion on such a tree, because it is impossible to determine with certainty the new value for the Pred and Suc fields.
\end{enumerate}
",A,"a,e",tested,"נתון עץ חיפוש בינרי (לאו דוקא מאוזן) בעל n צמתים שבו לכל צומת זוג שדות נוספים: Pred, Suc שמצביעים לקודם ולעוקב של הצומת. רוצים לממש פעולת Delete על עץ זה בזמן W.C. הטוב ביותר האפשרי (כך שאחרי המחיקה כל השדות בעץ נכונים). פעולת המחיקה מקבלת מצביע לאיבר המיועד למחיקה. מותר להניח שקיימים כל השדות הרגילים, כמו Parent[x]. הזמן המתקבל הוא:
א. θ(1)
ב. θ(log(n)) ללא תלות בגובה העץ.
ג. θ(n) ללא תלות בגובה העץ.
ד. θ(h) כאשר h גובה העץ.
ה. θ(nlog(n))
ו. לא ניתן לבצע מחיקה בעץ כזה, כי אי אפשר לקבוע בוודאות את הערך החדש לשדות Pred ו-Suc."," א. 
נניח ש-x הוא האיבר הנמחק. נזכור את הקודם והעוקב של x כדי לעדכן את ההצבעה ההדדית שלהם אחרי מחיקת x. 
אם ל-x יש בן יחיד או הוא עלה – נמחק אותו בזמן  EMBED Equation.DSMT4  כמו במחיקה רגילה. אם ל-x יש שני בנים – נמצא את העוקב שלו בעזרת השדה Suc בזמן  EMBED Equation.DSMT4  , ונמשיך כמו במחיקה רגילה: החלפה ומחיקה במקום החדש. סה""כ זמן -  EMBED Equation.DSMT4  .","
Let \( x \) be the deleted element. Remember its predecessor and successor in order to update their mutual pointers after deleting \( x \). If \( x \) has a single child or is a leaf – delete it in \( O(1) \) time as in a regular deletion. If \( x \) has two children – find its successor using the field \texttt{Suc} in \( O(\log n) \) time, and proceed as in a regular deletion: swap and delete in the new location. Total time - \( O(\log n) \).
","The correct answer is: 

\begin{enumerate}
    \item \(\Theta(1)\)
\end{enumerate}",yes,yes,"[['neutral'], ['neutral']]",n,n,1
15,161,C,2006,b,b,5,https://docs.google.com/document/d/1KYPVPcemr20Z7bG9QDBCTCrVsMuMWnyH,9,"\begin{quote}
Given \( n \) numbers. We want to build a data structure from them. Which of the following structures will have the longest worst-case build time?
\begin{enumerate}
    \item A hash table where collisions are resolved using linked lists.
    \item Perfect Hash
    \item Max Heap
    \item AVL Search Tree
    \item 1 + 3
    \item 1 + 2 + 3
\end{enumerate}
\end{quote}",B,"e,f,g,h",tested,"נתונים n מספרים. רוצים לבנות מהם מבנה נתונים. איזה מהמבנים הבאים זמן הבניה
worst-case יהיה הארוך ביותר? 
א. טבלת Hash שבה פתרון התנגשויות על ידי רשימות מקושרות.
ב. Perfect Hash
ג. ערימת מקסימום.
ד. עץ חיפוש AVL.
ה. א+ג
ו. א+ב+ג","ב'. 
עץ חיפוש מאוזן דורש זמן בניה של O(nlogn).
מבנים א' ו-ג' דורשים זמן בנייה של O(n).
אבל Perfect Hash עלול לדרוש זמן בלתי מוגבל: כל פעם מגרילים פונקציית Hash ומנסים אותה, ועלולים להיכשל מספר בלתי מוגבל של פעמים. לכן זמן הבנייה  worst-case אינו חסום.","b.
Balanced search tree requires a build time of $O(n\log n)$.
Data structures A and C require a build time of $O(n)$.
However, Perfect Hash may require unbounded time: each time, we randomly choose a hash function and test it, and may fail an unlimited number of times. Therefore, the worst-case build time is unbounded.","To determine which of the following structures will have the longest worst-case build time, we need to consider the time complexity of building each structure.

1. A hash table where collisions are resolved using linked lists: The worst-case build time for a hash table with linked lists to resolve collisions is O(n), where n is the number of elements in the hash table.

2. Perfect Hash: The worst-case build time for a perfect hash is O(n), where n is the number of elements in the data structure.

3. Max Heap: The worst-case build time for a max heap is O(n log n), where n is the number of elements in the heap.

4. AVL Search Tree: The worst-case build time for an AVL search tree is O(n log n), where n is the number of elements in the tree.

5. 1 + 3: Building a hash table with linked lists and a max heap separately will have a worst-case build time of O(n) + O(n log n), which simplifies to O(n log n).

6. 1 + 2 + 3: Building a hash table with linked lists, a perfect hash, and a max heap separately will have a worst-case build time of O(n) + O(n) + O(n log n), which simplifies to O(n log n).

Therefore, the structures with the longest worst-case build time are options 3 (Max Heap) and 6 (Hash Table with linked lists, Perfect Hash, and Max Heap).",no,yes,"[['neutral'], ['entailment']]",no,n,0
16,169,C,2007,a,a,3,https://docs.google.com/document/d/15av3BYO1sip8j7xbHE3cwGQOEe2WyO9U,7,"\text{Given a max-heap of size } n. \text{ The keys of } $\frac{n}{4}$  of the leaves in the heap have been changed, so now the heap may no longer be valid. We want to make the heap valid with minimal worst-case running time. Assume there is access to the elements of the heap (i.e., the heap is not a black box). The worst-case running time will be: \\
a. \ $\theta(\log(n))$ \\
b. \ $\theta(\log(n)^2)$ \\
c. \ $\theta(n)$ \\
d. \ $\theta(n\log(n)$) \\
e. \ $\theta(n^3)$ \\
f. \ \text{None of the above.}",C,"a,h",tested,"נתונה ערימת מקסימום בגודל n. שינו את המפתחות של n/4 מהעלים בערימה, כך שעכשיו יתכן שהערימה כבר לא חוקית. נרצה להפוך את הערימה לחוקית בזמן ריצה W.C. מינימלי. הניחו שיש גישה לאברי הערימה (כלומר הערימה לא קופסה שחורה).
זמן הריצה W.C. יהיה:
א. θ(log(n))
ב. θ(log(n)^2) 
ג. θ(n)
ד. θ(nlog(n))
ה. θ(n^3)
ו. אף אחד מהנ""ל.",ג.הזמן שדרוש כדי לגשת לכל אחד מהצמתים ששושנו הוא   EMBED Equation.DSMT4      לכן לא יתכן פתרון מהיר יותר.בזמן   EMBED Equation.DSMT4     אפשר לבצע BuildHeap מחדש על כל האיברים.,"
The time required to access each of the nodes in our list is \( O(n) \), therefore a faster solution is not possible. In \( O(n \log n) \) time, it is possible to perform BuildHeap again on all the elements.
","\text{Given a max-heap of size } n. \text{ The keys of } \frac{n}{4} \text{ of the leaves in the heap have been changed, so now the heap may no longer be valid. We want to make the heap valid with minimal worst-case running time. Assume there is access to the elements of the heap (i.e., the heap is not a black box). The worst-case running time will be:} \\
\text{a. } \theta(\log(n)) \\
\text{b. } \theta(\log(n)^2) \\
\text{c. } \theta(n) \\
\text{d. } \theta(n\log(n) \\
\text{e. } \theta(n^3) \\
\text{f. None of the above.}",question,yes,"[['contradiction'], ['contradiction']]",,,
17,173,C,2007,a,a,7,https://docs.google.com/document/d/15av3BYO1sip8j7xbHE3cwGQOEe2WyO9U,7,"\text{What is the lower bound in the comparison model of the worst-case runtime of a sorting algorithm, if it is known that }$ n^{0.5}$ \text{ of the smaller elements are already in the correct place?}
\begin{enumerate}
    \item $\theta(\log(n))$
    \item $\theta(n\log(n))$
    \item $\theta(n)$
    \item $\theta(n^{1.5})$
    \item $\theta(n\sqrt{\log(n)})$
    \item \text{None of the above.}
\end{enumerate}",B,"a,k",tested,"מהו החסם התחתון במודל ההשוואות של זמן ריצה W.C. של אלגוריתם מיון, אם ידוע ש-n^0.5 האיברים הקטנים כבר במקום הנכון?
א. θ(log(n))
ב. θ(nlog(n)) 
ג. θ(n) 
ד. θ(n^1.5)
ה. θ(nlog(n)^0.5)
ו. אף אחד מהנ""ל.",ב.עדיין צריך למיין מערך בגודל   EMBED Equation.DSMT4     . מיון מערך בגודל k בהנחת מודל ההשוואות לוקח   EMBED Equation.DSMT4     . אבל   EMBED Equation.DSMT4,"
b. We still need to sort an array of size \( k \). Sorting an array of size \( k \) under the comparison model takes \( O(k \log k) \). But \( O(k \log k) \)
","The correct answer is: $\boxed{\theta(n\log(n))}$

Explanation: When $n^{0.5}$ of the smaller elements are already in the correct place, we still need to sort the remaining $n - n^{0.5}$ elements. The comparison model lower bound for sorting is $\Omega(n\log(n))$, so the worst-case runtime of the sorting algorithm in this scenario is also $\Omega(n\log(n))$.",yes,yes,"[['neutral'], ['neutral']]",n,n,1
18,216,c,2009,b,a,5,T2/ds2009ba-sol.doc,9,"We will discuss the implementation of a red-black tree where all the leaves are black (in the CORMEN implementation as taught in class, there is a layer of NILs that serves as the 'leaf layer' and is entirely black). What is the minimum ratio of black nodes to red nodes in a valid red-black tree?

\begin{itemize}
    \item[(A)] 1 black to 1 red.
    \item[(B)] 2 blacks to 1 red.
    \item[(C)] 5 blacks to 2 reds.
    \item[(D)] 1 black to 2 reds.
    \item[(E)] The ratio can be as small as we want.
\end{itemize}
",b,f,tested,,,"\text{2 blacks for 1 red. Each red node in the tree has two children, both black thanks to the NIL layer.}",The minimum ratio of black nodes to red nodes in a valid red-black tree is \textbf{2 blacks to 1 red} (Option B).,yes,yes,"[['neutral'], ['neutral']]",n,n,1
19,220,c,2009,b,a,9,T2/ds2009ba-sol.doc,9,"\text{Given an algorithm that receives an array of size } n \text{ of different unsorted numbers, along with an integer } k \text{ between } 1 \text{ and } n\text{. The algorithm prints the } k \text{ smallest numbers in the array in ascending order. A lower bound on the worst-case runtime of the algorithm (valid for any } k \leq n\text{) is:}
\text{a. } \Omega(n)
\text{b. } \Omega(k \log n)
\text{c. } \Omega(n \log k)
\text{d. } \Omega(n \log n)
\text{e. Answers a and b are correct}

\text{Reason:} ",e,k,tested,,,"\text{The answer of the Lord is correct.} \\
\text{A is correct because it is clear that the algorithm must read the entire input in time } \Omega(n), \text{ because there is no way to know whether a number needs to be printed or not without reading it.} \\
\text{B is correct: by contradiction, suppose there exists an algorithm } A \text{ that solves the problem in time } o(k \log n) \text{ for some value of } k. \text{ According to A, it must be } k=\Omega(n/\log n), \text{ otherwise the algorithm } A \text{ does not read the entire input. We proved in class that sorting } k \text{ elements takes } \Omega(k \log k)=\Omega(k \log(n/\log n))=\Omega(k \log n) \text{ time, contradicting the assumption.} \\
\text{C is not correct: it is possible to find the } k\text{-th largest element using Select in time } O(n), \text{ extract the } k-1 \text{ smaller elements in time } O(n), \text{ and then sort the } k \text{ elements in time } O(k\log k). \text{ Total time is } O(n+k\log k). \text{ For, say, } k=n/\log n \text{ the running time is thus } o(n\log n) \text{ i.e., } O(n). \\
\text{D is not correct for the same reason that C is not correct.}","To solve this problem in LaTeX, we can use the following code:

\begin{enumerate}
    \item Given an algorithm that receives an array of size $n$ of different unsorted numbers, along with an integer $k$ between 1 and $n$. The algorithm prints the $k$ smallest numbers in the array in ascending order. A lower bound on the worst-case runtime of the algorithm (valid for any $k \leq n$) is:
    \begin{itemize}
        \item a. $\Omega(n)$
        \item b. $\Omega(k \log n)$
        \item c. $\Omega(n \log k)$
        \item d. $\Omega(n \log n)$
        \item e. Answers a and b are correct
    \end{itemize}
\end{enumerate}

Explanation:

The algorithm must at least look at all $n$ elements in the worst case to determine the $k$ smallest numbers, so the lower bound on the worst-case runtime is $\Omega(n)$. Additionally, the algorithm must also sort the $k$ smallest numbers, which requires at least $k \log n$ comparisons in the worst case. Therefore, the correct answers are a and b.",yes,yes,"[['contradiction'], ['entailment']]",no,n,0
20,224,b,2009,b,a,12-a,T2/ds2009ba-sol.doc,na,"\text{Given an array } A[1..n] \text{ containing } n \text{ elements, all different from each other. A pair of indices } (i, j) \text{ is called an inversion if } i < j \text{ and } A[i] > A[j].

\text{Assume that the set of numbers is } \{1, 2, \ldots, n\}. \text{ Which array contains the highest number of inversions? How many inversions does it contain?}",na,d,tested,,,"\textit{In a reversely sorted array, each such pair is an inversion. The number of such pairs is } $\theta(n^2)$.","The array that contains the highest number of inversions is the array sorted in descending order, i.e. $A = [n, n-1, \ldots, 2, 1]$.

To calculate the number of inversions in this array, we note that each element $A[i]$ to the left of an element $A[j]$ has to be greater than $A[j]$ in order to form an inversion. Since $A$ is sorted in descending order, each element is greater than all subsequent elements to its right. Thus, the number of inversions in this array is given by the sum of the first $n-1$ positive integers, which is $\frac{n(n-1)}{2}$.",,,"[['contradiction'], ['neutral']]",,,
21,245,b,2010,b,a,2-d,T2/ds10ba.doc,na,"\documentclass{article}
\usepackage[utf8]{inputenc}
\begin{document}

In this problem, we will sort strings in lexicographic order (dictionary order). A string is a list of characters over a known alphabet. For the sake of simplicity, assume all strings have the same length $t$. A string $s_1$ comes before a string $s_2$ in order if the first character in which they differ is smaller in $s_1$ than in $s_2$. For example, if $s_1=\text{CGTAA}$ and $s_2=\text{CGTCA}$ then $s_1$ comes before $s_2$. Assume that each character in every string can be accessed in constant time. Denote $n$ as the number of strings, and $m$ as the total length of all strings. Note that $m=n \cdot t$. Assume that the strings are given in an array $A$, that is $A[i]$ is a pointer to the $i+1$ string in the array. (Indices in $A$ start from 0.)

The following algorithm, which uses the routines $\text{find-median-char}$ and $\text{partition}$, sorts the strings at locations $k_1,k_1+1,\ldots,k_2$ in array $A$ according to the lexicographic order of the suffixes of these strings starting at position $j$, using comparisons between pairs of characters only. (The suffix of a string consists of the string's characters starting from a certain position $j$ to the end of the string.) To sort all the strings lexicographically, perform $\text{string-sort}(0,n-1,0)$. (The indices of the characters in the strings also start from 0.)

\begin{verbatim}
string-sort(k1,k2,j):
   C \leftarrow \text{find-median-char}(k1,k2,j)
   (p,q) \leftarrow \text{partition}(k1,k2,C,j)
   \text{If} (k1 < p) \text{string-sort}(k1,p-1,j);
   \text{If} (q < k2) \text{string-sort}(q+1,k2,j);
   \text{If} (j < t-1) \text{and} (p < q) \text{string-sort}(p,q,j+1);
\end{verbatim}

The routine $\text{find-median-char}(k1,k2,j)$ returns the median character in the set of characters at position $j$ of the strings at locations $k_1,\ldots,k_2$ in $A$. 

What is the running time of the algorithm as a function of $m$ and $n$, assuming that $\text{find-median-char}(k1,k2,j)$ and $\text{partition}(k1,k2,C,j)$ run in time $O(k_2-k_1)$? Prove your answer.

\end{document}",na,"m,c,j",tested,,,"\begin{quote}
The first two lines require time proportional to the size of the array we are currently dealing with. The first two recursive calls operate on an array whose size is at most half of the original size. The last line advances the letter \( j \) within the strings from \( p \) to \( q \); it is called up to \( t \) times for each string. From an analysis similar to Quicksort, plus \( O(nt) \) work, we get \( O(m+n\log n) \).
\end{quote}","\documentclass{article}
\usepackage[utf8]{inputenc}
\begin{document}

In this problem, we will sort strings in lexicographic order (dictionary order). A string is a list of characters over a known alphabet. For the sake of simplicity, assume all strings have the same length $t$. A string $s_1$ comes before a string $s_2$ in order if the first character in which they differ is smaller in $s_1$ than in $s_2$. For example, if $s_1=\text{CGTAA}$ and $s_2=\text{CGTCA}$ then $s_1$ comes before $s_2$. Assume that each character in every string can be accessed in constant time. Denote $n$ as the number of strings, and $m$ as the total length of all strings. Note that $m=n \cdot t$. Assume that the strings are given in an array $A$, that is $A[i]$ is a pointer to the $i+1$ string in the array. (Indices in $A$ start from 0.)

The following algorithm, which uses the routines $\text{find-median-char}$ and $\text{partition}$, sorts the strings at locations $k_1,k_1+1,\ldots,k_2$ in array $A$ according to the lexicographic order of the suffixes of these strings starting at position $j$, using comparisons between pairs of characters only. (The suffix of a string consists of the string's characters starting from a certain position $j$ to the end of the string.) To sort all the strings lexicographically, perform $\text{string-sort}(0,n-1,0)$. (The indices of the characters in the strings also start from 0.)

\begin{verbatim}
string-sort(k1,k2,j):
   C \leftarrow \text{find-median-char}(k1,k2,j)
   (p,q) \leftarrow \text{partition}(k1,k2,C,j)
   \text{If} (k1 < p) \text{string-sort}(k1,p-1,j);
   \text{If} (q < k2) \text{string-sort}(q+1,k2,j);
   \text{If} (j < t-1) \text{and} (p < q) \text{string-sort}(p,q,j+1);
\end{verbatim}

The routine $\text{find-median-char}(k1,k2,j)$ returns the median character in the set of characters at position $j$ of the strings at locations $k_1,\ldots,k_2$ in $A$. 

What is the running time of the algorithm as a function of $m$ and $n$, assuming that $\text{find-median-char}(k1,k2,j)$ and $\text{partition}(k1,k2,C,j)$ run in time $O(k_2-k_1)$? Prove your answer.

\end{document}",question,,"[['neutral'], ['contradiction']]",,,
22,246,b,2010,b,a,3-a,T2/ds10ba.doc,na,"\textit{A tournament containing \( n \) elements is a perfect binary tree of depth \( i \) where \( i = \lceil \log_2(n) \rceil \) (at distance \( k \) from the root there are exactly \( 2^k \) nodes). The elements are placed at the leaves. In each internal node, we place the smallest of the elements located in the children of that node. A leaf that does not contain a real element contains a dummy element denoted by \( \infty \), which is greater than any real element. We represent the tree using an array like a binary heap, where the children of the node represented by cell \( i \) are represented by the cells \( 2i+1 \) and \( 2i+2 \).

Given \( n \) elements, we construct a tournament containing them as follows. We allocate an array of appropriate size and initialize it entirely with the value \( \infty \). Then we insert the elements one by one. To add an element to the tournament, we place it in the next available leaf from left to right and update, if necessary, the elements located in the ancestors of that leaf.}

\textit{What is the worst-case runtime of this algorithm?}",na,"a,e",tested,,,"\text{For each element, we ascend in the worst case up to the root.} \\
\text{Therefore, the running time is } O(n\log n).",The worst-case runtime of this algorithm is \( O(n \log n) \).,yes,yes,"[['entailment'], ['neutral']]",yes,yes,1
23,249,b,2010,b,a,4-a,T2/ds10ba.doc,na,"\begin{itemize}
    \item In this question, we analyze a new deterministic algorithm for the Selection problem. The algorithm selects the k-th largest element from a set A consisting of n different elements.
    \item If \( n < 100 \), the algorithm sorts the n elements and returns the k-th largest element.
    \item Otherwise, the algorithm divides the elements into quartets. The algorithm sorts each quartet and selects the third largest element from it. (If the quartet is \( a<b<c<d \), then the selected element is \( c \).) We denote the selected elements as set B.
    \item Among the \( m = n/4 \) elements of B, the algorithm selects, via a recursive call, the \((2/5)m\)-th largest element. We denote this element as \( x \). (\( x \) is greater than or equal to \((2/5)m\) elements of \( B \).)
    \item The element \( x \) is now compared with all elements of \( A \). We denote by \( A_1 \) the elements of \( A \) that are less than or equal to \( x \), and by \( A_2 \) the elements of \( A \) that are greater than \( x \). We also denote \( r = |A_1| \).
    \item If \( k \leq r \), the algorithm finds, via a recursive call, the k-th largest element in \( A_1 \) and returns it. Otherwise, the algorithm finds, via a recursive call, the \((k-r)\)-th largest element in \( A_2 \) and returns it.
    \item We can ignore partition problems. (It's convenient to assume that \( n \) is divisible by 4, that \( m \) is divisible by 5, and so on.)
    \item What is the largest \( a \) for which it always holds that \( r \geq an + O(1) \)? Prove your answer.
\end{itemize}",na,m,tested,,,\(\frac{2}{5} \times \frac{3}{4} = \frac{3}{10}\),"\begin{itemize}
    \item In this question, we analyze a new deterministic algorithm for the Selection problem. The algorithm selects the k-th largest element from a set A consisting of n different elements.
    \item If \( n < 100 \), the algorithm sorts the n elements and returns the k-th largest element.
    \item Otherwise, the algorithm divides the elements into quartets. The algorithm sorts each quartet and selects the third largest element from it. (If the quartet is \( a<b<c<d \), then the selected element is \( c \).) We denote the selected elements as set B.
    \item Among the \( m = n/4 \) elements of B, the algorithm selects, via a recursive call, the \((2/5)m\)-th largest element. We denote this element as \( x \). (\( x \) is greater than or equal to \((2/5)m\) elements of \( B \).)
    \item The element \( x \) is now compared with all elements of \( A \). We denote by \( A_1 \) the elements of \( A \) that are less than or equal to \( x \), and by \( A_2 \) the elements of \( A \) that are greater than \( x \). We also denote \( r = |A_1| \).
    \item If \( k \leq r \), the algorithm finds, via a recursive call, the k-th largest element in \( A_1 \) and returns it. Otherwise, the algorithm finds, via a recursive call, the \((k-r)\)-th largest element in \( A_2 \) and returns it.
    \item We can ignore partition problems. (It's convenient to assume that \( n \) is divisible by 4, that \( m \) is divisible by 5, and so on.)
    \item What is the largest \( a \) for which it always holds that \( r \geq an + O(1) \)? Prove your answer.
\end{itemize}
Solution:

Let's analyze the algorithm's behavior at each step:

1. Initial step: For \( n < 100 \), the algorithm sorts the elements, which takes \( O(n \log n) \) time. In this case, the value of \( r \) is the position of the k-th largest element in the sorted array, which can be at most \( n \). Thus, we have \( r \leq n \).

2. Recursive steps: For \( n \geq 100 \), the algorithm divides the elements into quartets and selects the third largest element from each quartet. This step takes \( O(n) \) time. Then, the algorithm selects the \((2/5)m\)-th largest element from the set B of size \( m = n/4 \). Let's denote this element as \( x \). 

After sorting the quartets and selecting the third largest element, the elements of B will be in a 1-2-3-4-5 pattern, where the selected element x is the 3rd element in B. Since x is at least greater than \((2/5)m\) elements of B, we can say that x divides B into two parts, one with at most \((2/5)m\) elements and the other with at least \((3/5)m\) elements. And by our sorting criteria, \( x \) separates \( A \) into \( A_1 \) and \( A_2 \), containing elements less than or equal to \( x \) and elements greater than \( x \) respectively.

We can now establish a relation between \( r \) and \( n \). Since \( r \) is the number of elements in the set \( A_1 \), it can be bounded by the number of elements in \( A \) that are less than or equal to \( x \), which is \( n - (2/5)m \). Thus, we have \( r \leq n - (2/5)m = n - (2/5)(n/4) = 3n/5 \).

Therefore, in each step of the algorithm, after comparing with x, we have \( r \leq (3/5)n \) which can be written as \( r \geq 0.6n + O(1) \).

So, the largest \( a \) for which it always holds that \( r \geq an + O(1) \) is \( a = 0.6 \).",no,yes,"[['contradiction'], ['entailment']]",no,n,0
24,250,b,2010,b,a,4-b,T2/ds10ba.doc,na,"\documentclass{article}
\begin{document}

In this question, we analyze a new deterministic algorithm for the Selection problem. The algorithm selects the k-th largest element from a set $A$ with $n$ distinct elements.

If $n<100$, the algorithm sorts the $n$ elements and returns the k-th largest element.

Otherwise, the algorithm divides the elements into quartets. The algorithm sorts each quartet and chooses from it the third largest element. (If the quartet is $a<b<c<d$, then the chosen element is $c$.) Let $B$ be the set of chosen elements.

Among the $m=n/4$ elements of $B$, the algorithm selects, by a recursive call, the $(2/5)m$-th largest element. Let this element be $x$. ($x$ is greater than or equal to $(2/5)m$ of the elements of $B$.)

The element $x$ is now compared to all the elements of $A$. Let $A_1$ be the elements of $A$ that are less than or equal to $x$, and $A_2$ be the elements of $A$ that are greater than $x$. Also, let $r=|A_1|$.

If $k\leq r$, the algorithm finds, by a recursive call, the k-th largest element in $A_1$ and returns it. Otherwise, the algorithm finds, by a recursive call, the $(k−r)$-th largest element in $A_2$ and returns it.

You can ignore partition issues. (It is possible, when convenient, to assume that $n$ is divisible by 4, that $m$ is divisible by 5, and so on.)
What is the smallest $b$ such that $r\leq bn+O(1)$ always holds? Prove your answer.

\end{document}",na,m,tested,,,\( 1 - \frac{3}{5} \cdot \frac{2}{4} = \frac{7}{10} \),"\documentclass{article}
\begin{document}

In this question, we analyze a new deterministic algorithm for the Selection problem. The algorithm selects the k-th largest element from a set $A$ with $n$ distinct elements.

If $n<100$, the algorithm sorts the $n$ elements and returns the k-th largest element.

Otherwise, the algorithm divides the elements into quartets. The algorithm sorts each quartet and chooses from it the third largest element. (If the quartet is $a<b<c<d$, then the chosen element is $c$.) Let $B$ be the set of chosen elements.

Among the $m=n/4$ elements of $B$, the algorithm selects, by a recursive call, the $(2/5)m$-th largest element. Let this element be $x$. ($x$ is greater than or equal to $(2/5)m$ of the elements of $B$.)

The element $x$ is now compared to all the elements of $A$. Let $A_1$ be the elements of $A$ that are less than or equal to $x$, and $A_2$ be the elements of $A$ that are greater than $x$. Also, let $r=|A_1|$.

If $k\leq r$, the algorithm finds, by a recursive call, the k-th largest element in $A_1$ and returns it. Otherwise, the algorithm finds, by a recursive call, the $(k−r)$-th largest element in $A_2$ and returns it.

You can ignore partition issues. (It is possible, when convenient, to assume that $n$ is divisible by 4, that $m$ is divisible by 5, and so on.)
What is the smallest $b$ such that $r\leq bn+O(1)$ always holds? Prove your answer.

\end{document}",question,,"[['contradiction'], ['contradiction']]",,,
25,251,b,2010,b,a,4-c,T2/ds10ba.doc,na,"
In this question, we will analyze a new deterministic algorithm for the selection problem. The algorithm selects the k-th largest element from a set \( A \) with \( n \) distinct elements.

If \( n < 100 \), the algorithm sorts the \( n \) elements and returns the k-th largest element.

Otherwise, the algorithm divides the elements into quartets. The algorithm sorts each quartet and selects the third largest element from it. (If the quartet is \( a < b < c < d \), then the selected element is \( c \).) We denote by \( B \) the set of selected elements.

Among the \( m = n/4 \) elements of \( B \), the algorithm selects, through a recursive call, the \((2/5)m\)-th largest element. We denote this element by \( x \). (\( x \) is greater than or equal to \((2/5)m\) elements of \( B \).)

The element \( x \) is now compared to all elements of \( A \). We denote by \( A_1 \) the elements of \( A \) that are less than or equal to \( x \), and by \( A_2 \) the elements of \( A \) that are greater than \( x \). We also denote \( r = |A_1| \).

If \( k \leq r \), the algorithm finds, through a recursive call, the k-th largest element in \( A_1 \) and returns it. Otherwise, the algorithm finds, through a recursive call, the \((k−r)\)-th largest element in \( A_2 \) and returns it.

We can ignore partitioning problems. (It is possible, when convenient, to assume that \( n \) is divisible by 4, that \( m \) is divisible by 5, and so on.)
Write a recurrence relation for the running time of the algorithm on a set with \( n \) elements.",na,"m,c,a",tested,,,"\text{The runtime consists of linear work on the array, a recursive call on B of size } n/4, \text{ and a recursive call on A1 or A2 whose size we have bounded in the previous sections. In total, } T(n)=O(n)+T(n/4)+T(7n/10).","The recurrence relation for the running time of the algorithm can be expressed as follows:

\[ T(n) = 
\begin{cases} 
O(n \log n) & \text{if } n < 100 \\
T(n/4) + T(7n/10) + O(n) & \text{if } n \geq 100
\end{cases}
\]

Here, the recurrence relation states that if the number of elements in set \( A \) is less than 100, the algorithm sorts the elements which takes \( O(n \log n) \) time. 
If the number of elements is greater than or equal to 100, the algorithm divides the elements into quartets and selects the third largest element from each quartet (creating set \( B \)), then recursively selects the \((2/5)m\)-th largest element (\( x \)), compares \( x \) to all elements in \( A \), partitions based on \( x \), and makes two recursive calls to find the desired element in the partitions. The time complexity for these operations is represented by the recurrence relation \( T(n/4) + T(7n/10) + O(n) \).",yes,yes,"[['neutral'], ['neutral']]",n,yes,0
26,252,b,2010,b,a,4-d,T2/ds10ba.doc,na,"\documentclass{article}
\begin{document}

In this question, we will analyze a new deterministic algorithm for the Selection problem. The algorithm selects the k-th largest element from a set A of n different elements.

If \( n < 100 \), the algorithm sorts the n elements and returns the k-th largest element.

Otherwise, the algorithm divides the elements into quartets. The algorithm sorts each quartet and selects from it the third largest element. (If the quartet is \( a < b < c < d \), then the selected element is \( c \).) Let B denote the set of selected elements.

Among the \( m = n/4 \) elements of B, the algorithm selects, by a recursive call, the (2/5)m-largest element. Let this element be denoted by x. (x is greater than or equal to \((2/5)m\) of the elements of B.)

The element x is now compared to all the elements of A. Let \( A_1 \) denote the elements of A that are less than or equal to x, and let \( A_2 \) denote the elements of A that are greater than x. Also denote \( r = |A_1| \).

If \( k \leq r \), the algorithm finds, by a recursive call, the k-th largest element in \( A_1 \) and returns it. Otherwise, the algorithm finds, by a recursive call, the (k-r)-th largest element in \( A_2 \) and returns it.

Division issues can be ignored. (It is possible to assume for convenience that n is divisible by 4, m is divisible by 5, and so on.)
What is the runtime of the algorithm (as a function of n)? (An asymptotic answer in terms of \( O(.) \) is sufficient.)

\end{document}",na,"m,c,a",tested,,,"\text{Since } \frac{1}{4} + \frac{7}{10} < 1, \text{ the analysis is similar to that of the selection algorithm - } O(n).","\documentclass{article}
\usepackage{amsmath}

\begin{document}

In this question, we will analyze a new deterministic algorithm for the Selection problem. The algorithm selects the $k$-th largest element from a set $A$ of $n$ different elements.

If $n < 100$, the algorithm sorts the $n$ elements and returns the $k$-th largest element.

Otherwise, the algorithm divides the elements into quartets. The algorithm sorts each quartet and selects from it the third largest element. (If the quartet is $a < b < c < d$, then the selected element is $c$.) Let $B$ denote the set of selected elements.

Among the $m = n/4$ elements of $B$, the algorithm selects, by a recursive call, the $(2/5)m$-largest element. Let this element be denoted by $x$. ($x$ is greater than or equal to $(2/5)m$ of the elements of $B$.)

The element $x$ is now compared to all the elements of $A$. Let $A_1$ denote the elements of $A$ that are less than or equal to $x$, and let $A_2$ denote the elements of $A$ that are greater than $x$. Also denote $r = |A_1|$.

If $k \leq r$, the algorithm finds, by a recursive call, the $k$-th largest element in $A_1$ and returns it. Otherwise, the algorithm finds, by a recursive call, the $(k-r)$-th largest element in $A_2$ and returns it.

Division issues can be ignored. (It is possible to assume for convenience that $n$ is divisible by 4, $m$ is divisible by 5, and so on.)
What is the runtime of the algorithm (as a function of $n$)? (An asymptotic answer in terms of $O(.)$ is sufficient.)

\end{document}",question,yes,"[['contradiction'], ['contradiction']]",,,
27,285,c,2012,a,a,1,T2/ds12-AA.doc,9,"\textbf{Given} an input consisting of $n$ distinct arbitrary integers, we are interested in sorting it. \textbf{It is also given} that the number of inversion pairs, denoted by $\frac{n(n-1)}{2}$, the number of number pairs that are in reverse relative order, is $I = \frac{n(n-1)}{2} - 5n$. A pair of elements $a_i$ and $a_j$ is inverted if $a_i < a_j$ and $i > j$.

Choose the most correct answer (it is possible that among different options, the strongest correct one should be chosen).

a. A lower bound on the sorting time of the input is $\Omega(n \log n)$.
b. The input can be sorted in $O(n)$ time.
c. The input can be sorted in $O(n \log \log n)$ time.
d. The input can be sorted in $O(n \log(n))$ time.
e. Answers a and d are correct.
f. No answer is correct.",b,k,tested,,,"\text{The answer is B. We will reverse the array, and we will find that the number of arrangements and the inverse arrangements have swapped. That means, currently the number of pairs in reverse order is } 5n. \text{ We will sort using finger trees and get } O(n + n \log(m/n)) = O(n + n \log 5) = O(n).","\textbf{Given} an input consisting of $n$ distinct arbitrary integers, we are interested in sorting it. \textbf{It is also given} that the number of inversion pairs, denoted by $\frac{n(n-1)}{2}$, the number of number pairs that are in reverse relative order, is $I = \frac{n(n-1)}{2} - 5n$. A pair of elements $a_i$ and $a_j$ is inverted if $a_i < a_j$ and $i > j$.

Choose the most correct answer (it is possible that among different options, the strongest correct one should be chosen).

a. A lower bound on the sorting time of the input is $\Omega(n \log n)$.
b. The input can be sorted in $O(n)$ time.
c. The input can be sorted in $O(n \log \log n)$ time.
d. The input can be sorted in $O(n \log(n))$ time.
e. Answers a and d are correct.
f. No answer is correct.

\textbf{Solution:}

The number of inversion pairs in an array indicates how ""out of order"" the array is. In the worst case scenario, where all pairs of elements are inverted, the number of inversions will be $\frac{n(n-1)}{2}$.

Given that the number of inversion pairs is $I = \frac{n(n-1)}{2} - 5n$, we can say that the number of inversion pairs is at most $\frac{n(n-1)}{2} - 5n$.

The most correct answer is \textbf{(a. A lower bound on the sorting time of the input is $\Omega(n \log n)$)}. This is because in the worst case scenario, when the number of inversion pairs is at its maximum, the input array is completely out of order and would require at least $\Omega(n \log n)$ comparisons to sort it using comparison-based sorting algorithms like Merge Sort or Quick Sort.

Therefore, the correct answer is \textbf{a. A lower bound on the sorting time of the input is $\Omega(n \log n)$}.",no,yes,"[['contradiction'], ['entailment']]",no,n,0
28,359,b,2007,b,a,4-a,T2/ds07b_moed_a_solution.doc,na,"In the string $S$, the letter $A$ appears one million times, the letter $B$ 100,000 times, and the letter $C$ 1,000 times. Draw the Huffman tree of the string and calculate the encoding length of the string according to this tree.",na,p,tested,,,"The encoding length is equal to:  
\(10^6 + 2 \times 10^5 + 2 \times 10^3 = 1202000\)","To draw the Huffman tree of the string $S$, we first need to calculate the weight of each character based on their frequency.

Let the weight of $A$ be $1,000,000$, weight of $B$ be $100,000$, and weight of $C$ be $1,000.

Now, we construct the Huffman tree based on these weights:

\[
\begin{tikzpicture}
\node{$1,101,000$}
child {
  node{$C:1,000$}
}
child {
  node{$A:1,000,000$}
  child {
    node{$B:100,000$}
  }
  child {
    node{$A:900,000$}
  }
};
\end{tikzpicture}
\]

The encoding for the string $S$ based on this tree would be:
$A: 0$, $B: 10$, $C: 11$

To calculate the encoding length of the string according to this tree, we multiply the frequency of each character by its encoding length:

$1,000,000 \times 1 + 100,000 \times 2 + 1,000 \times 2 = 1,000,000 + 200,000 + 2,000 = 1,202,000$ bits

Therefore, the encoding length of the string according to this tree is $1,202,000$ bits.",yes,yes,"[['entailment'], ['entailment']]",yes,no,0
29,365,b,2007,b,a,7-a,T2/ds07b_moed_a_solution.doc,na,"Mapping \( n \) elements using a universal hash function family to a table with \( m \) cells while resolving collisions by chaining. What is the expected number of pairs \((x, y)\) such that \(x\) and \(y\) are elements of the input, and both map to the same cell?",na,g,tested,,,"Answer: \(\Theta(\sqrt[3]{n})\). We number the elements from 1 to \(n\). Let \(X_{i,j}\) be a random variable that equals 1 if element number \(i\) collides with element number \(j\), and equals 0 otherwise. Let \(X\) be the sum of these variables. Then \(X\) equals the number of collisions. According to the linearity of expectation, \( \mathbb{E}[X] = \sum_{i<j} \mathbb{E}[X_{i,j}] \). The probability that two specific elements collide is \( \frac{1}{\text{number of slots}} \). Therefore, \( \mathbb{E}[X_{i,j}] = \frac{1}{m} \) and thus \( \mathbb{E}[X] = \binom{n}{2} \cdot \frac{1}{m} \).","To solve this problem, we need to calculate the expected number of pairs \((x, y)\) such that \(x\) and \(y\) are elements of the input and both map to the same cell when mapping \(n\) elements using a universal hash function family to a table with \(m\) cells while resolving collisions by chaining.

Let \( X_i \) be the indicator random variable that is equal to 1 if there is a collision between elements \( x \) and \( y \) that hash to the same cell by the \( i \)th element to the table, and 0 otherwise. Then the total number of collisions between pairs of elements can be expressed as:
\[
X = X_1 + X_2 + \ldots + X_{n-1}
\]

The expected value of \( X \) can be calculated using linearity of expectation:
\[
\mathbb{E}[X] = \mathbb{E}[X_1] + \mathbb{E}[X_2] + \ldots + \mathbb{E}[X_{n-1}]
\]

For each element \( x_i \) that is hashed to a cell, there are \( i-1 \) elements before it that could have already hashed to the same cell. Therefore, the probability of a collision for \( x_i \) is \( \frac{i-1}{m} \), and the expectation of \( X_i \) can be calculated as:
\[
\mathbb{E}[X_i] = \frac{i-1}{m}
\]

Substituting this into the formula for the total expected number of collisions, we get:
\[
\mathbb{E}[X] = \frac{1}{m} + \frac{2}{m} + \ldots + \frac{n-1}{m} = \frac{n(n-1)}{2m}
\]

Therefore, the expected number of pairs \((x, y)\) such that \(x\) and \(y\) are elements of the input and both map to the same cell is \( \frac{n(n-1)}{2m} \).",no,yes,"[['neutral'], ['neutral']]",n,no,0
30,404,c,2011,a,a,4,T2/ds11AAsol.pdf,9,"\text{We implemented a binary search tree (not necessarily balanced) on } n \text{ elements. Let } k \text{ denote the number of elements in the tree for which the find operation takes constant time (i.e., independent of } n\text{). What is } k\text{?} \\
\text{A. } k=1 \\
\text{B. } k=O(1) \\
\text{C. } k=O(\log n) \\
\text{D. } k=\lfloor n/2 \rfloor \\
\text{E. } k=O(n) \\
\text{F. Insufficient data to determine} \\
\text{Justify your answer.}",B,e,tested,,,\textbf{Answer B:} It is not possible for there to be more than a fixed number of nodes at a given depth because each node has at most 2 children.,"The find operation in a binary search tree has a time complexity of O(h) where h is the height of the tree. In a binary search tree with n elements, the height of the tree can range from log₂(n) for a balanced tree to n for a skewed tree.

If the find operation takes constant time for k elements in the tree, this means that the height of the tree for these k elements is constant. Therefore, the height h equals a constant for these k elements. 

Given that the height of a binary search tree can vary from O(log n) to O(n), the k elements must be limited to a constant height, which implies that k is limited to a constant number of elements, regardless of the total number of elements n. 

Therefore, the correct answer is:

\fbox{A. } k=1",no,yes,"[['contradiction'], ['neutral']]",yes,n,0
31,405,c,2011,a,a,5,T2/ds11AAsol.pdf,10,"\textbf{We want to color the nodes of a full binary search tree (i.e., each node has two children) in red and black, so that the coloring adheres to the rules of a red-black tree. Which of the following conditions is a sufficient condition for such a coloring to exist?}
A. All leaves are at the same distance from the root.  
B. The largest distance from the root to a leaf is at most twice the smallest distance from the root to a leaf.  
C. The depth of the right subtree of the root is at most twice the depth of the left subtree of the root.  
D. Answers A and B are correct.  
E. Answers A and C are correct.  
F. No answer is correct.",A,e,tested,,,"\textbf{Answer A:} We will paint the entire tree black. It is possible to construct a tree that contradicts B, therefore D is not correct.","The correct answer is:

\textbf{E. Answers A and C are correct.}",no,yes,"[['neutral'], ['neutral']]",n,n,1
32,408,c,2011,a,a,8,T2/ds11AAsol.pdf,9,"Let \( A \) be an array of \( N \) numbers. Let the number at the i-th position be denoted as \( A_i \). We say there is an inversion between \( A_i \) and \( A_j \) if \( i < j \) and \( A_i > A_j \). Let \( I \) denote the number of inversions in the array.

What is the runtime of the most efficient algorithm that takes \( A \) and returns the number of inversions, i.e., \( I \)? Choose the tightest upper bound for the runtime of the algorithm:

A. \( O(I) \)  
B. \( O(I + N) \)  
C. \( O(N \log N) \)  
D. \( O(\min\{I+N, N \log N\}) \)  
E. \( O(N + N \log (I/N)) \)  
F. None of the above.

Justify your answer.",E,a,tested,,,"\textbf{Solution H'.} In the lecture, we saw insertion sorting using TREE FINGER. The overall runtime is $O(N+N\log(I/N))$ and for each insertion $O(\log(I_k))$, where $I_k$ is the number of inversions up to the $k$-th element. Two things need to be noted: the adjustments for a balanced tree in a red-black tree require a total linear time, and we have already considered the cost of the search. It is possible to perform the SIZE field update during the ascent in the search (using update debt memorization), and therefore it does not add to the cost.","The most efficient algorithm for counting inversions in an array has a runtime of \( O(N \log N) \), which is option C. 

This can be justified by observing that the most common algorithm for counting inversions is based on the merge sort algorithm. In the merge sort algorithm, the array is repeatedly divided into halves until individual elements are reached, and then these halves are merged back together in sorted order. During the merging process, the number of inversions can be efficiently counted in \( O(N) \) time.

Since the merge sort algorithm has a time complexity of \( O(N \log N) \) for sorting, and the inversion count can be performed during the merging process in \( O(N) \) time, the overall runtime of the algorithm for counting inversions is \( O(N \log N) \). This justifies why option C, \( O(N \log N) \), is the tightest upper bound for the runtime of the algorithm.",no,yes,"[['neutral'], ['neutral']]",n,n,1
33,409,b,2011,a,a,9-a,T2/ds11AAsol.pdf,2,"The deterministic ""select"" algorithm operates as follows:
a. The array is divided into groups of size 5.
b. Each group is sorted.
c. A pivot is chosen as the median of the medians.
d. A ""Partition"" is performed with the chosen pivot.
Assume that instead of groups of size 5 we take groups of size \(\log(n)\). What will be the running time of the algorithm?
What is the cost of step b?",na,m,tested,,,\text{Cost} = \Theta(n \log \log n): \text{Explanation: Each set of size} \log n \text{ is sorted in } \Theta (\log n  \cdot  \log \log n) \text{ time. There are } \frac{n}{\log n} \text{ such sets.},"To calculate the running time of the algorithm when taking groups of size \(\log(n)\), we can follow the steps:

1. The array is divided into groups of size \(\log(n)\).
2. Each group of size \(\log(n)\) is sorted. Sorting a group of size \(\log(n)\) would take \(\log(n) \log(\log(n))\) time.
3. A pivot is chosen as the median of the medians, which requires finding the median of each group, hence would take \(\log(n)\) time.
4. A ""Partition"" is performed with the chosen pivot. This would take \(O(n)\) time.

For the ""select"" algorithm with groups of size \(\log(n)\), the total running time would be:

\[
T(n) = O(n) + \log(n) (n / \log(n) \log(\log(n)) + \log(n))
\]

The cost of step b is \(\log(n) \log(\log(n))\) as it involves sorting each group of size \(\log(n)\).",maybe,yes,"[['neutral'], ['entailment']]",yes,n,0
34,411,b,2011,a,a,9-c,T2/ds11AAsol.pdf,8,"The ""select"" deterministic algorithm operates as follows:
a. The array is divided into groups of size 5.
b. Each group is sorted.
c. A pivot is chosen as the median of the medians.
d. A ""Partition"" is performed with the chosen pivot.
Suppose that instead of groups of size 5, we take groups of size \(\log(n)\). What will be the runtime of the algorithm? What is the total cost of the algorithm?",na,m,tested,,,"\text{Cost: } O(n \log \log n). \text{ Explanation: It can be shown that the pivot is larger (and smaller) than at least } \frac{n}{4} \text{ elements, and therefore the recurrence formula is } T(n) \leq C \cdot n \log \log n + T\left(\frac{n}{\log n}\right) + T\left(\frac{3n}{4}\right). \text{ By induction it can be shown that this results in } T(n) = \Theta(n \log \log n).","To find the runtime of the algorithm when using groups of size \(\log(n)\), we first need to determine how many groups will be formed. 
Let \(n\) be the size of the array. 
If we have groups of size \(\log(n)\), then there will be \(\frac{n}{\log(n)}\) groups.

a. Dividing the array into \(\frac{n}{\log(n)}\) groups will take \(O(n)\) time.
b. Sorting each group will take \(O(\log(n))\) time.
c. Finding the median of each group will take \(O(\log(n))\) time. 
   Since there are \(\frac{n}{\log(n)}\) groups, the total time taken will be \(O(n)\).
d. Performing Partition using the median of medians pivot will take \(O(n)\) time.

Therefore, the total runtime of the algorithm will be \(O(n) + O(\log(n)) + O(n) = O(n) + O(n) = O(n)\).

The total cost of the algorithm will be the sum of the costs of each step: 
\[O(n) + O(\log(n)) + O(n) + O(n) = O(n) + O(\log(n))\]",no,yes,"[['neutral'], ['entailment']]",no,n,0
35,425,b,2011,a,b,11-a,T2/ds11-AB.pdf,2,"The deterministic ""select"" algorithm, which we studied in class, works as follows:
a. The array is divided into groups of size 5
b. Sort each group
c. Choose a pivot as the median of the medians (recursively)
d. Perform ""partition"" with the chosen pivot
e. Recursively apply the algorithm on the relevant part.

Assume that instead of groups of size 5, we take groups of size 3. 
In this question, we will deal with the running time of the new algorithm with groups of size 3.
What is the cost of step b? 
Cost:
Explanation:",na,m,tested,,,"\text{Cost: } O(N) \\
\text{Explanation: Sorting each triplet is fixed, and there are } N/3 \text{ triplets.}","The cost of step b is the cost of sorting each group of size 3. Since the worst-case time complexity of sorting a group of size 3 is O(3log(3)) = O(3), the cost of step b is O(n) where n is the number of elements in the array. 

Explanation: In step b, we are sorting each group of size 3. The worst-case time complexity of sorting a group of size 3 is O(3log(3)) = O(3) because there are 3 elements in each group. Since there are n/3 groups in the array (where n is the number of elements in the array), the total cost of step b is O(n/3 * 3) = O(n).",yes,yes,"[['neutral'], ['neutral']]",n,n,1
36,426,b,2011,a,b,11-b,T2/ds11-AB.pdf,2,"\textbf{The deterministic ""select"" algorithm, which we studied in class, operates as follows:}  
a. The array is divided into groups of size 5  
b. Each group is sorted  
c. A pivot is chosen as the median of the medians (recursively)  
d. A ""partition"" is performed with the chosen pivot  
e. The algorithm is applied recursively on the relevant part.  

\textbf{Assume that instead of groups of size 5, we take groups of size 3.}  
In this question, we will discuss the running time of the new algorithm with groups of size 3.  
Let \( T(N) \) denote the running time of the algorithm on an array of size \( N \). What is the cost of step c, expressed in terms of \( T \)?  
\textbf{Cost:}  
\textbf{Explanation:}",na,m,tested,,,"\text{Cost: } T(N/3) \\
\text{Explanation: Looking for a median among } N/3 \text{ numbers}","\textbf{Cost:}

Step c involves recursively finding the median of medians within each group of size 3. This means that for each group of size 3, we will need to perform the median of three operation to determine the pivot. 

\textbf{Explanation:}

If we have groups of size 3, then for each group to find the median, we need to compare all three elements to determine the middle element. This operation requires 2 comparisons in total. Therefore, for each group of size 3, we need to perform 2 comparisons to find the pivot.

If there are \( \frac{N}{3} \) groups in the array of size \( N \), the total cost of finding medians within each group would be \( 2 \times \frac{N}{3} = \frac{2N}{3} \).

Therefore, the cost of step c, expressed in terms of \( T \), is \( \frac{2N}{3} \).",no,yes,"[['neutral'], ['entailment']]",no,no,1
37,429,b,2011,a,b,12-b,T2/ds11-AB.pdf,6,"\textit{Given an array of size \( n \), divided into \( n/k \) segments, each of length \( k \). It is known that for any two of the \( k \) segments, either all the elements in the first segment are smaller than all the elements in the second segment, or all the elements in the first segment are larger than all the elements in the second segment.
We are interested in a sorting algorithm for arrays of this type, suitable for the comparison model, as well as a lower bound for sorting algorithms in the comparison model for arrays of this type.
Propose the best possible lower bound (as a function of \( n \) and \( k \)) and prove it.}",na,k,tested,,,"The number of possible arrangements is \((k!)^{(n/k)} \cdot (n/k)!\).
Taking the log gives:
\(n \log k + \frac{n}{k} \log \frac{n}{k}\).","\textbf{Solution:}

To propose the best possible lower bound for sorting arrays of this type, we consider the number of comparisons required to correctly order the \( n \) elements in the array.

Let \( N = n/k \) be the number of segments in the array, and let \( M = k \) be the length of each segment.

To sort the array, we need to compare each element in one segment with each element in another segment. There are \( k! \) possible permutations of elements within a segment, and for each permutation, there are \( (k!)^{N-1} \) possible permutations of the other segments relative to that permutation. Therefore, there are \( k! \times (k!)^{N-1} = (k!)^N \) possible orderings of the segments.

Since each comparison can only give us one bit of information (i.e., which segment is greater), we can think of this problem in terms of a decision tree. The leaves of the decision tree are the \( N! \) possible orderings of the segments, and each internal node represents a comparison between two segments. Therefore, the height \( h \) of the decision tree represents the number of comparisons needed to sort the array.

To achieve the best lower bound, we want to minimize the number of leaves in the decision tree. This is equivalent to maximizing the height of the decision tree. Therefore, the lower bound for the number of comparisons needed to sort the array is \( h = \log_2(N!) \).

Using Stirling's approximation, we have

\[
\log_2(N!) = \log_2 \left( \sqrt{2\pi N} \left( \frac{N}{e} \right)^N \right) = N\log_2(N) - N\log_2(e) + \frac{1}{2}\log_2(2\pi N)
\]

Since \( e \approx 2.71828 \) and \( \pi \approx 3.14159 \), we can simplify this expression to

\[
N\log_2(N) - 1.4427N + 0.9074\log_2(N) \approx N\log_2(N)
\]

Therefore, the best possible lower bound for sorting arrays of this type in the comparison model is \( O(N\log_2(N)) \) comparisons.",maybe,yes,"[['neutral'], ['neutral']]",n,no,0
38,430,b,2011,a,b,12-c,T2/ds11-AB.pdf,6,"\[
\text{Given an array of size } n, \text{ divided into } \frac{n}{k} \text{ segments, each of length } k. \text{ It is known that for any two of the } k \text{ segments, either all the elements in the first segment are smaller than all the elements in the second segment, or all the elements in the first segment are larger than all the elements in the second segment.}
\]
\[
\text{We are interested in a sorting algorithm for arrays of this type, suitable for the comparison model, and also in a lower bound for sorting algorithms in the comparison model for arrays of this type.}
\]
\[
\text{Propose a more efficient algorithm, if it is known that the number of distinct values in each segment is at most } \log k. \text{ What is the running time of the algorithm?}
\]",na,k,tested,,,\text{Sorting each segment can now be done in }O(k\log\log k)\text{ time.},"\[
\text{To sort an array of this type with segments of length } k \text{ and at most } \log k \text{ distinct values in each segment, we can use the following algorithm:}
\]
\[
\text{1. Create a histogram for each segment to count the frequency of each value within that segment.}
\]
\[
\text{2. Initialize an empty array to hold the sorted values.}
\]
\[
\text{3. For each distinct value in each segment (at most } \log k \text{ values), append it to the sorted array the number of times it appears in the histogram.}
\]
\[
\text{4. Concatenate the sorted arrays from each segment to obtain the fully sorted array.}
\]
\[
\text{Since we are only iterating through at most } \log k \text{ distinct values in each segment and then concatenating the sorted arrays, the running time of this algorithm is } O(n \log k).
\]

\[
\text{For this type of array, where we have strict ordering constraints between segments, this algorithm is more efficient compared to traditional comparison-based sorting algorithms like quicksort or merge sort which have a worst-case time complexity of } O(n \log n). 
\]",no,yes,"[['neutral'], ['neutral']]",n,n,1
39,431,c,2011,b,a,1,T2/ds11-BA-sol.pdf,10,"\begin{enumerate}
    \item A Fibonacci heap is given as learned in class. It is given that it is empty. We perform n insert operations and then two del-min operations. You need to choose the answer that contains:
    \begin{enumerate}
        \item The worst-case running time of the first min-del operation among the two.
        \item The worst-case running time of the second min-del operation among the two.
        \item Justify your answer.
    \end{enumerate}
    
\end{enumerate}

\begin{itemize}
    \item [A.] First w.c \(O(1)\) Second w.c \(O(1)\)
    \item [B.] First w.c \(O(\log n)\) Second w.c \(O(\log n)\)
    \item [C.] First w.c \(O(n)\) Second w.c \(O(n)\)
    \item [D.] First w.c \(O(\log n)\) Second w.c \(O(1)\)
    \item [E.] First w.c \(O(n)\) Second w.c \(O(\log n)\)
    \item [F.] First w.c \(O(n)\) Second w.c \(O(1)\)
\end{itemize}",E,i,tested,,,"\textbf{Answer: h}
After one min-del operation, there will be trees up to degree \(\log n\), at most one of each degree.
Therefore, the successive linking in the next phase will take at most \(\log n\). The first operation
will take \(O(n)\) because each element is in its own tree.","\begin{enumerate}
    \item A Fibonacci heap is given as learned in class. It is given that it is empty. We perform $n$ insert operations and then two del-min operations. You need to choose the answer that contains:
    \begin{enumerate}
        \item The worst-case running time of the first min-del operation among the two.
        \item The worst-case running time of the second min-del operation among the two.
        \item Justify your answer.
    \end{enumerate}
    
\end{enumerate}

\begin{itemize}
    \item [A.] First w.c $O(1)$ Second w.c $O(1)$
    \item [B.] First w.c $O(\log n)$ Second w.c $O(\log n)$
    \item [C.] First w.c $O(n)$ Second w.c $O(n)$
    \item [D.] First w.c $O(\log n)$ Second w.c $O(1)$
    \item [E.] First w.c $O(n)$ Second w.c $O(\log n)$
    \item [F.] First w.c $O(n)$ Second w.c $O(1)$
\end{itemize}",question,yes,"[['neutral'], ['contradiction']]",,,
40,432,c,2011,b,a,2,T2/ds11-BA-sol.pdf,3,"The students were asked to design a new deterministic (non-random) sorting algorithm using comparisons and construct its comparison tree. The number of items to sort is \(N\) and they are all different from each other.

Student A proposed Algorithm A and constructed Tree A for it. The number of leaves in the tree is \(2^{(N \log \log N)}\).  
Student A proposed Algorithm B and constructed Tree B for it. The number of leaves in the tree is \(2^N\).  
Student A proposed Algorithm C and constructed Tree C for it. The number of leaves in the tree is \(N!\).

The three trees were examined and found to accurately reflect the algorithms. It is not known whether the algorithms are correct. Choose the correct answer and justify your answer:

Statement: The number of comparisons in the worst case of Algorithm C is \(O(N \log N)\).  
a. The statement is always true  
b. The statement is not necessarily true",B,k,tested,,,"\textbf{Answer: B} \newline
The comparison tree can be balanced or unbalanced, and therefore it is not possible to bound the running time of algorithm G with \(O(N \log N)\).","\textbf{Solution:}

To determine whether the statement is true or not, we need to analyze the number of comparisons required by Algorithm C in the worst case.

Algorithm C has a comparison tree with \(N!\) leaves. In the worst case scenario, the comparison tree is a full binary tree, since each item must be compared with every other item.

The height of a full binary tree with \(N!\) leaves is \(O(\log(N!)) = O(N \log N)\).

Therefore, the number of comparisons in the worst case of Algorithm C is indeed \(O(N \log N\)), making statement a. ""The statement is always true"" the correct choice.",no,yes,"[['neutral'], ['neutral']]",n,n,1
41,434,c,2011,b,a,4,T2/ds11-BA-sol.pdf,4,"The students were asked to design a new deterministic sorting algorithm (not random) using comparisons and to build its comparison tree. The number of elements to sort is \( N \) and they are all different from each other.

Student A proposed Algorithm A and built Tree A for it. The number of leaves in the tree is \( 2^{N \log \log N} \).  
Student A proposed Algorithm B and built Tree B for it. The number of leaves in the tree is \( 2^N \).  
Student A proposed Algorithm C and built Tree C for it. The number of leaves in the tree is \( N! \).

The three trees were examined and found to accurately reflect the algorithms. It is not known whether the algorithms are correct. Choose the correct answer and justify your choice:

A. Algorithm A is an incorrect algorithm.  
B. Algorithm A may be correct.",A,k,tested,,,"\textbf{Answer: A}\\
Algorithm A' is incorrect because there are not enough leaves in its comparison tree.","We have three algorithms proposed by student A: Algorithm A, Algorithm B, and Algorithm C, along with their respective comparison trees: Tree A, Tree B, and Tree C.

From the given information, we know the number of leaves in Tree A is \(2^{N \log \log N}\), the number of leaves in Tree B is \(2^N\), and the number of leaves in Tree C is \(N!\).

Since all the elements are different, the number of possible permutations for an \(N\)-element set is \(N!\). Therefore, the fact that Tree C has \(N!\) leaves means that it correctly represents the number of comparisons required for Algorithm C to sort \(N\) elements.

For Algorithm B, the fact that Tree B has \(2^N\) leaves means that it correctly represents the number of comparisons required for Algorithm B to sort \(N\) elements. This is because each internal node in the comparison tree represents a comparison, and for each comparison, there are two possible outcomes.

Now, let's consider Algorithm A. The fact that Tree A has \(2^{N \log \log N}\) leaves implies that there are exponentially more comparisons in Algorithm A compared to Algorithm B and Algorithm C. This raises concerns about the efficiency and correctness of Algorithm A. The additional comparisons suggest that Algorithm A may not be a correct sorting algorithm, as it seems to be overly complex compared to Algorithm B and Algorithm C.

Therefore, the correct answer is:

\textbf{A. Algorithm A is an incorrect algorithm.}",maybe,yes,"[['neutral'], ['contradiction']]",no,n,0
42,435,c,2011,b,a,5,T2/ds11-BA-sol.pdf,10,"Two binary heaps are given: heap 1 with \( n_1 \) elements, and heap 2 with \( n_2 \) elements. 
Also, it is given that \( n_1 = n_2^2 \). 
Each heap is maintained in an infinite array. What is the best running time for merging the two heaps, that is, an operation that results in one array (it can be one of the heap arrays, there is no need to preserve the original heaps) containing all the elements, such that they represent a heap?
Choose the correct answer and justify your answer. 
A. \( O(\log(n_1) + \log(n_2)) \) 
B. \( O(n_2) \)
C. \( O(n_1) \) 
D. \( O(n_1 + n_2) \) 
E. \( O(n_2 \log n_1) \) 
F. \( O(n_1 \log n_2) \) ",E,h,tested,,,\textbf{Answer:} We will insert the elements of the smaller heap into the larger heap one by one.,"The correct answer is D. \( O(n_1 + n_2) \). 

To merge the two heaps, we can simply concatenate the two arrays into one array which will contain all the elements from both heaps. This operation will take \( O(n_1 + n_2) \) time complexity. 

Additionally, after merging the arrays, we can apply a heapifying algorithm to reorder the elements in the array such that it forms a valid heap. This heapifying operation will have a time complexity of \( O(n) \) where \( n \) is the number of elements in the array.

Therefore, the overall best running time for merging the two heaps will be \( O(n_1 + n_2) \).",no,yes,"[['neutral'], ['neutral']]",n,n,1
43,436,c,2011,b,a,6,T2/ds11-BA-sol.pdf,10,"\begin{enumerate}
    \item To remind you, the select(k) selection algorithm we learned in class operates as follows:
    \begin{enumerate}
        \item Divide the given array into groups of five, namely into disjoint arrays each with five elements.
        \item Find the medians of each of the fives.
        \item Find the median of medians recursively.
        \item Use the median of medians as a pivot to partition the array.
        \item Apply the algorithm recursively to the appropriate part.
    \end{enumerate}
    A student implemented the algorithm we learned in class. Let's assume a mistake occurred in the implementation of step 2 of the algorithm, so that for epsilon of the fives, the algorithm chooses an element from the five that is not necessarily the median. For example, if epsilon=1/2, the algorithm will choose any element among the five in at most half of the fives, and accordingly, in at least half of the fives, the algorithm will correctly choose the median. Apart from this, the implementation of the algorithm is correct.
    What is the highest bound on epsilon such that the incorrect implementation still returns a correct answer in linear time with respect to the input size, among the following options? Justify your answer.
\end{enumerate}

\begin{itemize}
    \item[a.] $\epsilon = 0$ meaning the algorithm works correctly and in linear time only if the correct medians are always chosen in step 2.
    \item[b.] $\epsilon \leq 0.1$
    \item[c.] $\epsilon \leq 0.2$
    \item[d.] $\epsilon \leq 0.4$
    \item[e.] $\epsilon \leq 0.9$
    \item[f.] $\epsilon \leq 1$ meaning the algorithm will work correctly and in linear time even if in each of the fives a non-median element is chosen.
\end{itemize}",C,m,tested,,,"\text{Answer: C} \\
\text{The runtime is } T(n) = O(n) + T(n/5) + T(n - 3n/10 + 2\epsilon/5) \text{ thus answer C} \\
\text{is the largest such that the runtime is linear. The result of the minimization holds in any case.}","The highest bound on epsilon such that the incorrect implementation still returns a correct answer in linear time with respect to the input size is $\epsilon \leq 0.2$. 

Justification:
- When $\epsilon = 0$, the algorithm works correctly only if the correct medians are always chosen in step 2. This implies that incorrect selection of medians at any step will lead to incorrect results.
- For $\epsilon \leq 0.1$, there is too high a chance of selecting a non-median element from each of the fives, which can impact the correctness of the algorithm.
- For $\epsilon \leq 0.2$, even though some fives may have a non-median element chosen, the majority will still have the correct median selected. This can still guarantee correct results in linear time.
- For $\epsilon \leq 0.4$ and $\epsilon \leq 0.9$, the likelihood of choosing non-median elements in most of the fives is too high, leading to incorrect results.
- For $\epsilon \leq 1$, which means a non-median element is chosen from every five, the algorithm will not work correctly.

Therefore, the correct answer is $\epsilon \leq 0.2$.",yes,yes,"[['neutral'], ['contradiction']]",no,n,0
44,438,c,2011,b,a,8,T2/ds11-BA-sol.pdf,3,"\noindent We want to implement a dictionary with the operations Search(), Delete(), Insert() on elements whose keys are integers. We will choose one of the implementations as we have seen them in class. Determine whether the statement is true or false and justify. 

\noindent Statement: 

\noindent \quad If it is important to us that the worst-case runtime for each operation is as low as possible (asymptotically), implementing with a hash table is preferable over implementing with a balanced binary search tree.

\noindent a. True

\noindent b. False",B,g,tested,,,"\textbf{Answer: B} A hash table asymptotically improves the expected running time, but not the other two parameters, compared to a balanced binary search tree.","We want to implement a dictionary with the operations \texttt{Search()}, \texttt{Delete()}, \texttt{Insert()} on elements whose keys are integers. We will choose one of the implementations as we have seen them in class. Determine whether the statement is true or false and justify. 

\smallskip

Statement: 

\quad If it is important to us that the worst-case runtime for each operation is as low as possible (asymptotically), implementing with a hash table is preferable over implementing with a balanced binary search tree.

a. True

b. False

\smallskip

\textbf{Solution:}

False. When it is important to have the lowest worst-case runtime for operations, implementing with a balanced binary search tree (such as AVL tree, Red-Black tree) is preferable over a hash table. In a balanced binary search tree, the worst-case time complexity for \texttt{Search()}, \texttt{Delete()}, and \texttt{Insert()} operations is $O(\log n)$. On the other hand, while hash tables have an average-case time complexity of $O(1)$, the worst-case time complexity can be $O(n)$ if there are collisions. This makes hash tables less preferable when considering worst-case scenarios.",yes,yes,"[['contradiction'], ['neutral']]",no,no,1
45,439,c,2011,b,a,9,T2/ds11-BA-sol.pdf,3,"We want to implement a dictionary with the operations Search(), Delete(), and Insert() on elements whose keys are integers. We will choose one of the implementations, as we saw them in class. Determine for the statement whether it is true or false and justify.

Statement:
If we care about minimizing memory space (asymptotically), implementation with a hash table is preferable over implementation with a balanced binary search tree.
a. True
b. False",B,g,tested,,,"\textbf{Answer: B} \\
A hash table asymptotically improves the expected runtime, but not the other two parameters compared to a balanced binary search tree.","The solution in LaTeX format is:

\textbf{Statement:} If we care about minimizing memory space (asymptotically), implementation with a hash table is preferable over implementation with a balanced binary search tree.

\textbf{Solution:}
False

\textbf{Justification:} 
For minimizing memory space, a hash table may not always be the best option. While a hash table can offer O(1) average case time complexity for search, delete, and insert operations, it may require more memory space than a balanced binary search tree. A hash table needs additional memory for its underlying array, which can lead to memory wastage especially when the hash table is not filled up to its full capacity. On the other hand, a balanced binary search tree optimizes memory usage by maintaining a balanced structure, which can save memory space compared to a hash table. Therefore, in terms of memory space optimization, the implementation with a balanced binary search tree may be preferable over a hash table.",yes,maybe,"[['neutral'], ['entailment']]",yes,yes,1
46,449,b,2011,b,a,14-d,T2/ds11-BA-sol.pdf,5,"\text{We implement a binary counter with } n \text{ bits. The counter is initialized to the value } 0...00. \text{ The operation} \\
\text{Inc advances the counter, meaning it increases its value by 1 in the following manner. The operation} \\
\text{systematically searches for the rightmost 0, changes it to 1, and changes all the 1's to its right to 0.} \\
\text{If the state of the counter is } 1...11, \text{ then advancing it will change its state to } 00...0. \\
\text{For example, if } n = 5 \text{ and the current state of the counter is } 00111, \text{ then after the Inc operation} \\
\text{the state of the counter will be } 01000. \text{ After an additional Inc operation, the state of the counter will be} \\
01001. \text{ The cost of an operation is defined as the number of bits whose value is changed by the operation.} \\
\text{For example, the cost of advancing the counter in the example from } 00111 \text{ to } 01000 \text{ is } 4, \text{ since} \\
4 \text{ bits changed their value.} \\
\text{The answers to the following sections need to be precise, not asymptotic in terms of } O(.). \\
\text{Define Double-Inc as an operation that calls two consecutive Inc operations.} \\
\text{What is the amortized cost of the Double-Inc operation? Explain.}",na,b,tested,,,"\textbf{Answer: 4} It is exactly the same analysis, except for the two operations, and therefore 4. Indeed, in every two operations, there will be two bits that change from 0 to 1 (two different ones!) - they rise by two, and we place two coins for flipping from 1 to 0 in the future. Anyone who has changed from 1 to 0 has already been funded in the past.","The amortized cost of the Double-Inc operation is 5. 

Explanation:
- When we perform the first Inc operation in the Double-Inc sequence, the cost is 4 (changing 4 bits from 1 to 0).
- However, when we perform the second Inc operation, the cost is only 1 (changing 1 bit from 0 to 1).
- Adding up the costs of both operations (4 + 1), we get a total cost of 5.
- Since the total cost of the Double-Inc operation is 5, and we are performing 2 increment operations in sequence, the amortized cost of each increment operation is 5/2 = 2.5.
- Therefore, the amortized cost of the Double-Inc operation is 5.",no,yes,"[['contradiction'], ['entailment']]",no,n,0
47,480,c,2013,b,a,4,T2/ds13BA-sol.pdf,5,"Define a binary counter with the operation increment(i). The counter is implemented by an infinite array of bits, starting from index 0, with the least significant bit at position 0 (defined as the right side of the array). The operation increment(i) increases the value on the counter by 2^i. The implementation of the operation is as follows: Starting from position i in the array, change all consecutive 1s starting at i and extending left to 0, and change the first 0 to the left of these consecutive 1s to 1 (pseudocode follows). For example: if the array contains the value ...01101011101 and increment(2) is performed, the new value will be ...01101100001. Assume that we started with a counter with value 0 and performed n Increment(j) operations with arbitrary values of j. After that, perform increment(i). What is the amortized time for an increment(j) operation? Let n denote the number of increment(j) operations performed on the structure (running Increment operations with arbitrary values of j).

Increment(A, i) 
j ← i
While (A[j] = 1)
A[j] ← 0
j ← j+1
A[j] ← 1

Choose the most correct answer (among different times, choose the one that is the tightest). Justify your answer.
a. O(1)
b. O(logi)
c. O(logn-logi)
d. O(logn)
e. O(n-i)
f. O(n)",A,b,tested,,,"\textbf{Answer:}  
A. O(1)  
A situation can be created where there are n consecutive ones, and then the increment from the start of the sequence will take linear time in n.  
Amortized runtime can be provided as we did in class. We will place a coin on each lit one, and it will fund its conversion to zero. In each such operation, there is one time a conversion from 0 to 1, and then we place a coin.","The amortized time complexity for an increment(j) operation is O(logn).

Justification:
- The while loop in the Increment(A, i) function increments j until a 0 is found in the array, which takes O(logn) time in the worst case scenario where all bits in the array are 1. 
- Therefore, for each increment(j) operation, the worst case time complexity is O(logn).
- Since we performed n increment(j) operations before performing an increment(i) operation, the total complexity for n increment(j) operations will be O(n*logn). 
- As a result, the amortized time complexity for each increment(j) operation will be O(logn). 

Therefore, the most correct answer is d. O(logn).",no,yes,"[['entailment'], ['neutral']]",no,yes,0
48,481,c,2013,b,a,5,T2/ds13BA-sol.pdf,5,"\textit{A graph} \(G = (V, E)\) \textit{contains vertices} \(v_1, \ldots, v_n\) \textit{and} \(m\) \textit{edges, which are pairs} \((v_i, v_j)\). \textit{Assume that each vertex and edge can be accessed in} \(O(1)\). \textit{Let} \(A\) \textit{be an algorithm that uses the data structure union-find. The algorithm is as follows:}
1. \textit{For each vertex from} \(i=1\) \textit{perform} \(\text{make-set}(v_i)\)
2. \textit{For each edge: check if} \(\text{find}(v_i) = \text{find}(v_j)\). \textit{If not, perform} \(\text{Union}(v_i, v_j)\).
\textit{Give a tight upper bound, as accurate as possible, on the number of union operations performed during the execution of algorithm} \(A\). \textit{The bound should be exact (not asymptotic)}
a. \(1\)
b. \(\log n\)
c. \(n/2\)
d. \(n-1\)
e. \(n\) 
f. \(m\)",D,n,tested,,,"\textbf{Answer:} \\
\textbf{d.} \quad n-1","The algorithm performs a union operation every time the find operation returns different representatives for the vertices connected by an edge. Since the algorithm iterates through each edge only once, the maximum number of union operations performed is equal to the number of edges with different representatives, which is equal to the number of connected components in the graph. 

Therefore, the tight upper bound on the number of union operations performed during the execution of algorithm \(A\) is \(n-1\).

\textbf{Answer: d. \(n-1\)}",yes,yes,"[['entailment'], ['entailment']]",yes,n,0
49,491,c,2013,b,a,15,T2/ds13BA-sol.pdf,3,"\textbf{A ""nearly sorted"" array is defined as follows: each element in the array is within a distance of up to logn places from its sorted position in the array.}
\textbf{What can be said about the running time of finding the median element in the array? Mark A true / B false and justify your answer.}
\textbf{It is possible to find the median using a binary search in the array, and therefore the running time is O(logn)}
\textbf{A. True}
\textbf{B. False}
\textbf{Justification:} ",B,a,tested,,,"\textbf{Answer:} \\
(b) False \\
Binary search will not help – the array is not sorted.","The justification will be written in Latex as follows:

\textbf{B. False} 

\textbf{Justification:} 

In a nearly sorted array where each element is within a distance of up to logn places from its sorted position, the binary search algorithm to find the median element may not result in a time complexity of O(logn). This is because even though the elements are close to their correct positions, the median element may not necessarily be in the middle of the array. 

Due to the unique positioning of elements in a nearly sorted array, the binary search may not converge to the median in O(logn) time in all cases. Therefore, it is not always possible to find the median using binary search in O(logn) time in a nearly sorted array.",yes,yes,"[['contradiction'], ['entailment']]",no,yes,0
50,493,c,2013,b,a,17,T2/ds13BA-sol.pdf,3,"Define an ""almost sorted"" array as follows: each element in the array is up to logn positions away from its position in a sorted array.
What can be said about the runtime for finding the median element in the array? Mark A for correct or B for incorrect and justify your answer.
It is possible to reduce the search space to O(logn) possibilities and find the median in linear time, thus the search time is O(logn).
A. Correct
B. Incorrect
Justification: ",A,a,tested,,,"\textbf{Answer:} \\
a. Correct \\
The median does not deviate more than \(\log n\)","A. Correct

\textbf{Justification:} 
Since the array is almost sorted, we can use the concept of binary search to reduce the search space to O(logn) possibilities. This is because we can compare the median element with the desired median and then move the search space either to the left or right depending on the comparison result. This allows us to find the median element in linear time, making the search time O(logn).",yes,yes,"[['neutral'], ['neutral']]",n,n,1
51,495,c,2013,b,a,19,T2/ds13BA-sol.pdf,3,"\textbf{Define an ""almost sorted"" array as follows: each element is at a distance of up to \(\log n\) places from its location in a sorted array. What can be said about the running time for finding the median in the array? Mark A' true / B' false and justify your answer. It is necessary to go through at least \(\Omega(\log n)\) elements in order to find the median, and thus the running time is \(\Omega(\log n)\).} \\
\textbf{A. True} \\
\textbf{B. False} \\
Justification:",A,k,tested,,,"\textbf{Answer:} \\
a. True \\
The elements are not sorted.","The statement is false. In an ""almost sorted"" array where each element is at most \(\log n\) places away from its correct position, we can still find the median in \(O(\log n)\) time using algorithms like quickselect or heaps. Therefore, we do not necessarily need to go through \(\Omega(\log n)\) elements to find the median in this case.",no,yes,"[['contradiction'], ['neutral']]",yes,yes,1
52,496,c,2013,b,a,20,T2/ds13BA-sol.pdf,3,"\begin{enumerate}
    \item Answer true or false to the following statement. (Mark 'a' for true / 'b' for false)
    \item Given only pre-order and post-order traversals, a general binary tree can be uniquely reconstructed.
    \begin{itemize}
        \item a. True
        \item b. False
    \end{itemize}
    \item Brief justification:
\end{enumerate}",B,e,tested,,,"\textbf{Answer:} \\
b. Incorrect \\
\textbf{Brief explanation:} A counterexample - X is the root, in one tree Y is the right child, and in another tree Y is the left child.","\begin{enumerate}
    \item Answer true or false to the following statement. (Mark 'a' for true / 'b' for false)
    \item Given only pre-order and post-order traversals, a general binary tree can be uniquely reconstructed.
    \begin{itemize}
        \item a. True
        \item b. False
    \end{itemize}
    \item Brief justification:
\end{enumerate}",question,yes,"[['contradiction'], ['contradiction']]",,,
53,574,C,2016,a,b,5-a,T3/ds16AB-sol.pdf,na,"We want to color the nodes of a full binary search tree (i.e., every non-leaf node has exactly two children) in red and black, so that the coloring satisfies the rules of a red-black tree.
For each of the following statements, state whether it is true or false. Justify your answer.
A. If all the leaves are at the same distance from the root, then such a coloring necessarily exists. True / False.",1,"e,f",tested,"אנחנו רוצים לצבוע את הצמתים של עץ חיפוש בינארי מלא (כלומר, לכל צומת שאינו עלה יש בדיוק שני בנים) באדום ובשחור, כך שהצביעה תקיים את הכללים של עץ אדום-שחור.
כתב/י עבור כל אחת מהטענות הבאות האם היא נכונה או לא נכונה. נמק/י את תשובתך.
א. אם כל העלים נמצאים באותו מרחק מהשורש, אז בהכרח קיימת צביעה כזאת. נכון / לא נכון.","נימוק: במקרה זה מדובר בעצם שלם. צביעת כל הצמתים בשחור, היא צביעה חוקית.","\textit{Reasoning: In this case, it is a whole entity. Coloring all the nodes in black is a legal coloring.}","We can represent a full binary search tree with all leaves at the same distance from the root by a perfect binary tree. In a perfect binary tree, the number of black nodes from the root to any leaf is the same for all leaves. Therefore, it is indeed possible to color the nodes of a full binary search tree with all leaves at the same distance from the root in red and black so that the coloring satisfies the rules of a red-black tree.

Therefore, the statement is True.",yes,yes,"[['neutral'], ['neutral']]",n,n,1
54,576,C,2016,a,b,5-c,T3/ds16AB-sol.pdf,na,"\text{We want to color the vertices of a full binary search tree (i.e., every non-leaf vertex has exactly two children) in red and black so that the coloring satisfies the rules of a red-black tree. Write for each of the following claims whether it is true or not true. Justify your answer.} \\
\text{c. If the depth of the right subtree of the root is at most twice the depth of the left subtree of the root. True / Not true}",FALSE,"e,f",tested,"אנחנו רוצים לצבוע את הצמתים של עץ חיפוש בינארי מלא (כלומר, לכל צומת שאינו עלה יש בדיוק שני בנים) באדום ובשחור, כך שהצביעה תקיים את הכללים של עץ אדום-שחור.
כתב/י עבור כל אחת מהטענות הבאות האם היא נכונה או לא נכונה. נמק/י את תשובתך.
ג. אם עומק תת-העץ הימני של השורש הוא לכל היותר פי שניים מעומק תת-העץ השמאלי של השורש. נכון / לא נכון","נימוק: יכול להיות תת עץ שמאלי גדול מאוד, ואז לא נוכל לדאוג לכך שהגובה השחור יהיה זהה בכל המסלולים.","\textit{Explanation: There can be a very large left subtree, and then we won't be able to ensure that the black height is the same across all paths.}","To determine whether the claim is true or not true, we need to understand the rules of a red-black tree.

In a red-black tree:
1. Every node is either red or black.
2. The root is black.
3. Every leaf (NIL) is black.
4. If a red node has children, then the children are black.
5. Every path from a node to its NIL descendants contains the same number of black nodes.

Given the claim:
c. If the depth of the right subtree of the root is at most twice the depth of the left subtree of the root.

To show that this claim is true:
We need to demonstrate that we can color the vertices of a full binary search tree in red and black such that the depth of the right subtree of the root is at most twice the depth of the left subtree of the root, while still satisfying the rules of a red-black tree.

Since a full binary search tree is balanced, we can achieve this by coloring the nodes such that the left subtree is entirely black and the right subtree has only red nodes alternating with black nodes. This coloring satisfies the claim while still maintaining the rules of a red-black tree.

Therefore, the claim is \text{true}.",no,yes,"[['neutral'], ['neutral']]",n,n,1
55,594,B,2017,a,a,1-a,T3/ds17AA-sol.pdf,na,"\begin{enumerate}
    \item Given an array containing n elements. The number of distinct elements is k (𝑛 ≤ 𝑘).
    \item Sort the following asymptotic orders without explanation (𝑛 ≤ 𝑘):
    \begin{itemize}
        \item n \log n,
        \item n,
        \item n \log k,
        \item n + k \log k,
        \item n^2
    \end{itemize}
\end{enumerate}",na,a,tested,"נתון מערך המכיל n איברים. מספר האיברים השונים הוא k (𝑛 ≤ 𝑘).
א. מיינו ללא הסבר את סדרי הגודל הבאים אסימפטוטית (𝑛 ≤ 𝑘):
nlogn, n, nlogk, n+klogk, n^2","n^2, nlogn, nlogk, n+klogk,n","n^2, n\log{n}, n\log{k}, n+k\log{k}, n","\begin{enumerate}
    \item Given an array containing $n$ elements. The number of distinct elements is $k$ ($n \leq k$).
    \item Sort the following asymptotic orders without explanation ($n \leq k$):
    \begin{itemize}
        \item $n \log n$,
        \item $n$,
        \item $n \log k$,
        \item $n + k \log k$,
        \item $n^2$
    \end{itemize}
\end{enumerate}",question,yes,"[['entailment'], ['entailment']]",,,
56,597,B,2017,a,a,1-d,T3/ds17AA-sol.pdf,na,"\text{Given an array containing } n \text{ elements. The number of distinct elements is } k \, (k \leq n). \\
\text{d. Assume the elements are integers between } 1 \text{ and } n^4. \text{ Propose a deterministic algorithm to sort the array.}",na,"l,p",tested,"נתון מערך המכיל n איברים. מספר האיברים השונים הוא k (k ≤ n).
ד. נניח כי האיברים הם מספרים שלמים בין 1 ל-n^4. הציעו אלגוריתם דטרמיניסטי למיון המערך.
",נשתמש באלגוריתם count sort כפי שנלמד בכיתה. O(n).,We will use the count sort algorithm as taught in class. \(O(n)\).,"To solve this problem, we can use the Counting Sort algorithm which has a time complexity of O(n+k). The steps of the algorithm are as follows:

1. Create an array to store the count of each element in the given array. Initialize all elements of this count array to 0.
2. Traverse the given array and count the frequency of each element. Update the count array accordingly.
3. Compute the cumulative sum of the count array. This step will give the position of each element in the sorted array.
4. Create a temporary array to store the sorted elements.
5. Traverse the given array in reverse order and place each element at its correct position in the temporary array, using the count array to determine the position.
6. Copy the elements from the temporary array back to the original array to obtain the sorted array.

By following these steps, we can successfully sort the array of n elements containing integers between 1 and n^4 using Counting Sort algorithm.",yes,yes,"[['neutral'], ['neutral']]",n,n,1
57,761,C,2014,B,C,14,T3/ds14bc-sol(vaad).pdf,5,"Given an array with numbers, the task is to find the longest contiguous subarray whose sum of elements is exactly equal to $0$. It is given that all the numbers are $1$ or $-1$. What is the best runtime for solving this problem?
\begin{enumerate}
\item $O(1)$
\item $O(\log \log n)$
\item $O(\log n)$
\item $O(n)$
\item $O(n \log n)$
\item $O(n^2)$
\end{enumerate}",D,d,tested,"נתון מערך עם מספרים וצריך למצוא את תת-מערך רצוף הארוך ביותר, שסכום המספרים בו שווה ל-0 בדיוק.
נתון שכל המספרים הם 1 או -1. מה זמן הריצה הטוב ביותר לפתרון הבעיה?
א. (1)O
O(log log n) .ב
O(log n) .ג
O(n) .ד
O(n log n) .ה
O(n^2) .ו ","רושמים מערך של סכומים חלקיים מהמיקום הראשון עד האחרון. ניתן למיין את הרשימה ב O(n) מאחר וכל הסכומים בין n- ל n. מחפשים זוג ברשימה הממוינת שהסכום החלקי שלו זהה, ועבורו הסכום בין שני האיברים הוא בדיוק 0. מחפשים את הזוג שהמרחק בין איבריו גדול ביותר.","\documentclass{article}
\usepackage[utf8]{inputenc}

\begin{document}

We record an array of partial sums from the first position to the last. The list can be sorted in $O(n)$ since all the sums are between $-n$ to $n$. We look for a pair in the sorted list whose partial sum is identical, and for which the sum between the two elements is exactly 0. We search for the pair whose distance between its elements is the greatest.

\end{document}",The best runtime for solving this problem is $O(n)$.,yes,yes,"[['contradiction'], ['neutral']]",no,no,1
58,792,B,2018,A,B,1-a,T3/ds18AB-Sol.pdf,3,"\textit{Given a series of n elements, what is the time complexity for finding the k smallest elements in the series (for k < n).}",na,m,tested,"בהינתן סדרה של n איברים, מה סיבוכיות הזמן למציאת k האיברים הקטנים בגודלם בסדרה (עבור k < n). ","סיבוכיות זמן: (n(O
הסבר קצר: בעזרת אלגוריתם selection שראינו בכיתה ואז partition.","\textbf{Time complexity:} \(O(n)\) \\
\textbf{Brief explanation:} Using a selection algorithm we saw in class and then partition.","To find the k smallest elements in a series of n elements, one common approach is to use a min heap data structure. The time complexity for this approach is O(n + k log n).

Here's how the algorithm works:

1. Construct a min heap from the series of n elements. Building a heap from n elements takes O(n) time.

2. Repeat the following process k times:
   a. Remove the root element from the heap (smallest element).
   b. If the removed element has children, insert them into the heap.
   
3. At the end of the process, you will have the k smallest elements in sorted order.

The time complexity analysis is as follows:

- Building the initial heap: O(n)
- Removing the smallest element k times: O(k log n)
- Total time complexity: O(n + k log n) 

So, the time complexity for finding the k smallest elements in a series of n elements is O(n + k log n).",no,maybe,"[['neutral'], ['entailment']]",no,no,1
59,795,C,2018,A,B,1-d,T3/ds18AB-Sol.pdf,2,"A sloppy minimum heap is a data structure similar to a heap, which instead of returning the minimum, returns one of the k smallest elements in the heap. Additionally, in the delete operation, it deletes the same element that it returned as the approximate minimum. The operations supported by the data structure (ADT) are:
\begin{itemize}
    \item \texttt{Insert(x)} - insertion of a new element with key \(x\).
    \item \texttt{FindApproxMin()} - return an approximate minimum (an element among the k smallest elements).
    \item \texttt{DeleteApproxMin()} - deletion of the approximate minimum (deletion of the same element that if we performed \texttt{FindApproxMin()} we would receive).
\end{itemize}
For \(k=1\) can a sloppy heap be implemented so that all operations in the ADT take amortized time \(O(1)\)?",FALSE,"b,h",tested,"ערימת מינימום מרושלת היא מבנה נתונים הדומה לערימה שבמקום להחזיר את המינימום מחזירה את אחד מבין הK איברים הכי קטנים בערימה. בנוסף בפעולת המחיקה היא מוחקת את אותו איבר
שהחזירה כמינימום המקורב. הפעולות בהן תומך מבנה הנותנים ה (ADT): 
•  𝐼𝑛𝑠𝑒𝑟𝑡(𝑥) - הכנסה של איבר חדש עם מפתח .x
•  𝐹𝑖𝑛𝑑𝐴𝑝𝑝𝑟𝑜𝑥𝑀𝑖𝑛() - החזרת מינימום מקורב (איבר מבין הk איברים הכי קטנים.)
•  𝐷𝑒𝑙𝑒𝑡𝑒𝐴𝑝𝑝𝑟𝑜𝑥𝑀𝑖𝑛() - מחיקת המינימום המקורב (מחיקת אותו איבר שאם נעשה 𝐹𝑖𝑛𝑑𝐴𝑝𝑝𝑟𝑜𝑥𝑀𝑖𝑛 נקבלו).
עבור 𝑘=1 האם ניתן לממש ערימה מרושלת כך שכל הפעולות ב ADT לוקחות זמן אמורטייזד(1)O?",לא. הסבר: לא כי אז היינו יכולים להגיע לסתירה לחסם התחתון של מיון.,"\noindent No. Explanation: No, because then we could reach a contradiction to the lower bound of sorting.","To implement a sloppy heap with amortized time \(O(1)\) for all operations in the ADT for \(k=1\), we can use the following solution:

- Use a simple array to store the elements in the heap.
- Use a variable to store the current approximate minimum element.
- Keep track of the number of elements in the heap.

The insert operation can be done in \(O(1)\) time by simply adding the element to the end of the array and updating the approximate minimum if the new element is smaller.

The find approximate minimum operation can be done in \(O(1)\) time by returning the current approximate minimum element.

The delete approximate minimum operation can also be done in \(O(1)\) time by deleting the current approximate minimum element and updating it to be the next smallest element in the array.

With this implementation, all operations in the ADT take amortized time \(O(1)\) for \(k=1\).",no,yes,"[['neutral'], ['entailment']]",no,n,0
60,796,C,2018,A,B,1-e,T3/ds18AB-Sol.pdf,5,"A sloppy minimum heap is a data structure similar to a heap, where instead of returning the minimum element, it returns one of the K smallest elements in the heap. Additionally, in the delete operation, it deletes the element that was returned as the approximate minimum. The operations supported by the ADT are:
• \( \text{Insert}(x) \) - insertion of a new element with key \( x \).
• \( \text{FindApproxMin}() \) - return an approximate minimum (an element among the k smallest elements).
• \( \text{DeleteApproxMin}() \) - delete the approximate minimum (delete the same element that would be obtained by doing \( \text{FindApproxMin} \)).

For \( k=n/100 \), is it possible to implement the sloppy heap such that all operations in the ADT take amortized \( O(1) \) time?",1,"b,h",tested,"ערימת מינימום מרושלת היא מבנה נתונים הדומה לערימה שבמקום להחזיר את המינימום מחזירה את אחד מבין הK איברים הכי קטנים בערימה. בנוסף בפעולת המחיקה היא מוחקת את אותו איבר
שהחזירה כמינימום המקורב. הפעולות בהן תומך מבנה הנותנים ה (ADT): 
•  𝐼𝑛𝑠𝑒𝑟𝑡(𝑥) - הכנסה של איבר חדש עם מפתח .x
•  𝐹𝑖𝑛𝑑𝐴𝑝𝑝𝑟𝑜𝑥𝑀𝑖𝑛() - החזרת מינימום מקורב (איבר מבין הk איברים הכי קטנים.)
•  𝐷𝑒𝑙𝑒𝑡𝑒𝐴𝑝𝑝𝑟𝑜𝑥𝑀𝑖𝑛() - מחיקת המינימום המקורב (מחיקת אותו איבר שאם נעשה 𝐹𝑖𝑛𝑑𝐴𝑝𝑝𝑟𝑜𝑥𝑀𝑖𝑛 נקבלו).
עבור k=n/100 , האם ניתן לממש ערימה מרושלת כך שכל הפעולות ב ADT לוקחות זמן אמורטייזד (1)O?","כן. הסבר: נמצא את ה n/200 איברים הכי קטנים – נסמן קבוצה זאת ב S .
במשך ה n/200 פעולות הבאות נחזיר איבר שלא נמחק מהקבוצה S (נשים לב שהבכרח קיים איבר כזה). אחריי n/200 נבנה מחדש (נמצא שוב את הקבוצה S לפי האיברים שכרגע נמצאים במבנה הנתונים). נשים לב שהאיבר שמבנה הנתונים מחזיר הוא תמיד בין ה n/100 הכי קטנים.","Yes. Explanation: Find the n/200 smallest elements – denote this set by S.
During the next n/200 operations, return an element that hasn't been removed from set S (note that there must necessarily be such an element). After n/200, rebuild (find the set S again according to the elements currently in the data structure). Note that the element returned by the data structure is always among the n/100 smallest.","To implement the sloppy minimum heap such that all operations in the ADT take amortized \( O(1) \) time for \( k = n/100 \), we can use a structure called a tango heap.

A tango heap is a data structure that allows for constant time operations for insert, find minimum, and delete minimum. It maintains a standard heap structure with some additional bookkeeping to achieve \( O(1) \) amortized time complexity.

The tango heap maintains two separate heaps: a lazy heap and an active heap. The lazy heap is used for insert operations, while the active heap is used for find minimum and delete minimum operations. When the lazy heap size exceeds a certain threshold, the two heaps are swapped, and the lazy heap is merged into the active heap. This swapping and merging process allows for constant time complexity for all operations.

By using a tango heap, we can implement the sloppy minimum heap such that all operations in the ADT take amortized \( O(1) \) time for \( k = n/100 \).",maybe,yes,"[['neutral'], ['entailment']]",yes,yes,1
61,797,B,2018,A,B,2-a,T3/ds18AB-Sol.pdf,3,"\begin{enumerate}
    \item Given a valid binary min-heap with $n$ elements, at which levels in the tree can the second smallest element be located?
    \item What is the minimum number of elements you would need to read in order to guarantee finding the second smallest element?
    (For the purpose of numbering, the level of the root is 0)
\end{enumerate}",na,h,tested,"בהינתן ערימת מינימום בינארית חוקית בת n איברים, באילו רמות בעץ יכול להיות ממוקם האיבר השני הקטן ביותר?
מה מספר האיברים המינימלי שתצטרכו לקרוא כדי להבטיח את מציאת האיבר השני הקטן ביותר?
(לצורך המספור, הרמה של השורש היא 0 )","רמות: ברמה 1 .
מספר מינימלי של מקומות: 2, האיבר המינימלי יכול להיות רק ברמה 1 וברמה 1 יש שני איברים.","\textit{Levels: At level 1. \\
Minimum number of places: 2, the minimum element can only be at level 1 and at level 1 there are two elements.}","\begin{enumerate}
    \item The second smallest element in a binary min-heap with $n$ elements can be located at levels $1$ and $2$ in the tree.
    \item To guarantee finding the second smallest element, we would need to read at least $3$ elements. This is because the second smallest element could be located at level $2$, and in the worst case scenario, we would need to compare it with its parent and sibling. 
\end{enumerate}",no,yes,"[['contradiction'], ['contradiction']]",yes,yes,1
62,798,B,2018,A,B,2-b,T3/ds18AB-Sol.pdf,2,"Given a valid binary minimum heap of n elements, on which levels of the tree can the third smallest element be placed?",na,h,tested,"בהינתן ערימת מינימום בינארית חוקית בת n איברים. באילו רמות בעץ יכול להיות ממוקם האיבר
השלישי בקטן ביותר?",רמות: ברמה 1 או 2 .,\text{Levels: Level 1 or 2.},"To find the levels on which the third smallest element can be placed in a valid binary minimum heap of n elements, we first need to understand the structure of a binary minimum heap.

In a binary minimum heap, the smallest element is at the root, and for any parent node at index i, its left child is at index 2i+1 and its right child is at index 2i+2.

Now, let's analyze the levels of the tree where the third smallest element can be placed:

1. The smallest element (the root) will be at level 0.
2. The second smallest element can be at level 1, either as the left child or the right child of the root.
3. The third smallest element can be at level 2 since it must be larger than the smallest and second smallest elements.

Therefore, the third smallest element can be placed on levels 2 in a valid binary minimum heap of n elements.",no,yes,"[['neutral'], ['entailment']]",no,no,1
63,800,C,2018,A,B,3,T3/ds18AB-Sol.pdf,7,"Given an array of size \( n \) of elements \((\text{key}, \text{value})\) where the number of distinct keys in the array is \( k \) (i.e., if we convert the keys in the array into a set, the set will be of size \( k \)). We want to sort the array in the comparison model so that the sorting will be stable.
Reminder: A sort is called stable if it maintains the order of elements with the same key after sorting.
Note: Without addressing stability in the explanation of the solution, only partial credit will be given.
a. When \( k = \sqrt{n} / \log n \), the array can be stably sorted in time \( O(\sqrt{n} \log n) \) using a balanced search tree.
b. When \( k = \log n \), the array can be stably sorted in time \( O(n \log \log \log n) \) using a balanced search tree.
c. When \( k = n / \log n \), the array can be stably sorted with complexity \( O(n) \) on average using a hash table.
d. When \( k = n \), the array can be stably sorted with complexity \( O(n \log \log n) \) on average using a hash table.",c,"d,k",tested,"נתון מערך בגודל 𝑛 של איברים (𝑘𝑒𝑦,𝑣𝑎𝑙𝑢𝑒) כאשר מספר המפתחות השונים במערך הוא 𝑘 )כלומר, אם נמיר את המפתחות במערך לקבוצה, הקבוצה תהיה בגודל 𝑘(. נרצה למיין את המערך במודל ההשוואות, כך שהמיון יהיה יציב.
תזכורת: מיון נקרא מיון יציב אם הוא שומר על הסדר של איברים עם אותו המפתח גם לאחר המיון.
שימו לב: ללא התייחסות ליציבות בהסבר הפתרון, יינתן ניקוד חלקי בלבד.
א. כאשר 𝑘=√𝑛/log𝑛 ניתן למיין יציב את המערך בזמן O(√𝑛log𝑛) בעזרת עץ חיפוש מאוזן.
ב. כאשר 𝑘=log𝑛 ניתן למיין יציב את המערך בזמן (O(𝑛logloglog𝑛 בעזרת עץ חיפוש מאוזן.
ג. כאשר 𝑘=𝑛/log𝑛 , ניתן למיין יציב את המערך בסיבוכיות (O(𝑛 בתוחלת בעזרת טבלת האש.
ד. כאשר 𝑘=𝑛 , ניתן למיין יציב את המערך בסיבוכיות O(𝑛loglog𝑛) בתוחלת בעזרת טבלת האש.","פתרון: ג. הסבר: נאתחל טבלת האש A בגודל לפחות 𝑘 (במטרה שעבור כל מפתח יחזיק מצביע לרשימה מקושרת של האיברים במערך עם אותו המפתח, לפי סדר הופעתם במערך). בנוסף נאתחל מערך B בגודל 𝑘 .
נעבור על המערך המקורי לפי הסדר, ועבור כל איבר, נחפש ב A לפי 𝑘𝑒𝑦 . אם הוא קיים, נכניס את האיבר לסוף הרשימה המקושרת שהאיבר מצביע אליו. אם הוא לא קיים, נוסיף את המפתח, ונאתחל עבור אותו המפתח רשימה מקושרת ונכניס את האיבר לשם. בנוסף בזמן המעבר, אם כאשר אנחנו מחפשים אנחנו לא מוצאים את המפתח, נוסיף את המפתח למערך B . נמיין את המערך B , בזמן 𝑂((𝑛\log𝑛)*log(𝑛\log𝑛))=𝑂(𝑛) . נעבור על B לפי הסדר, נחפש את
הרשימה המקושרת המתאימה למפתח בטבלת ההאש, ונוסיף את איברי הרשימה המקושרת לפי הסדר למערך המקורי (או למערך פלט חדש).","\textbf{Solution:} c. \textbf{Explanation:} Initialize a hash table $A$ of size at least $k$ (with the goal that for each key, it will hold a pointer to a linked list of the elements in the array with the same key, in the order they appear in the array). Additionally, initialize an array $B$ of size $k$. Traverse the original array in order, and for each element, search $A$ by $key$. If it exists, append the element to the end of the linked list that the element points to. If it does not exist, add the key, initialize a linked list for that key, and insert the element there. Additionally, during traversal, if when searching for the key it is not found, add the key to array $B$. Sort the array $B$ in time $O((n\log n) \cdot \log(n\log n)) = O(n)$. Traverse $B$ in order, search for the corresponding linked list in the hash table, and append the linked list elements in order to the original array (or to a new output array).","a. When \( k = \sqrt{n} / \log n \), the array can be stably sorted in time \( O(\sqrt{n} \log n) \) using a balanced search tree.

b. When \( k = \log n \), the array can be stably sorted in time \( O(n \log \log \log n) \) using a balanced search tree.

c. When \( k = n / \log n \), the array can be stably sorted with complexity \( O(n) \) on average using a hash table.

d. When \( k = n \), the array can be stably sorted with complexity \( O(n \log \log n) \) on average using a hash table.",question,yes,"[['contradiction'], ['entailment']]",,,
64,801,C,2018,A,B,4-a,T3/ds18AB-Sol.pdf,4,"\begin{quote}
After looking at the hash table using the chaining method, we thought it would be a good idea to change our choice of data structure (from a linked list to another data structure) to achieve better asymptotic complexity for insertion, search, and deletion from the hash table, even in the worst case (for any load factor), and on average (for load factor > 1). We denote load factor = \(\alpha\). Which data structure should we choose?

A. Binary heap. \\
B. Perfect hash table. \\
C. Array-based list that doubles in size. \\
D. Balanced search tree, such as AVL.
\end{quote}",d,"d,f,g,h",tested,"לאחר שהסתכלנו על טבלת האש בשיטת Chaining , חשבנו שכדאי לנו להחליף את בחירת מבנה הנתונים (מרשימה מקושרת, למבנה נתונים אחר) כדי להשיג סיבוכיות אסימפטוטית טובה יותר בהכנסה, חיפוש ומחיקה מטבלת ההאש, גם במקרה הגרוע ביותר (לכל 𝑙𝑜𝑎𝑑𝑓𝑎𝑐𝑡𝑜𝑟 (, וגם בתוחלת (עבור 𝑙𝑜𝑎𝑑𝑓𝑎𝑐𝑡𝑜𝑟>1 ). נסמן 𝑙𝑜𝑎𝑑𝑓𝑎𝑐𝑡𝑜𝑟=𝛼.  איזה מבנה נתונים כדאי לנו לבחור?
א. ערימה בינארית.
ב. טבלת Perfect Hash .
ג. רשימה במימוש מערך המכפיל את עצמו.
ד. עץ חיפוש מאוזן, לדוגמה AVL","ד. הסבר: נרצה לבחור עץ מאוזן, שייתן לנו 𝑂(log𝛼) בתוחלת לפעולה, ו( 𝑂(log𝑛 ב wc.","\textbf{d. Explanation:} We want to choose a balanced tree that will give us \(O(\log \alpha)\) expected per operation, and \(O(\log n)\) in the worst case.","\textbf{Solution:}

For achieving better asymptotic complexity for insertion, search, and deletion in a hash table, especially in the worst case scenario and on average with a load factor > 1, we should choose a data structure that can handle dynamic resizing efficiently. The best option among the given choices is:

\textbf{C. Array-based list that doubles in size.} 

By choosing an array-based list that doubles in size when needed, we can achieve \(O(1)\) amortized complexity for insertion, search, and deletion operations, which is optimal for hash tables. The dynamic resizing strategy ensures that the load factor remains below a certain threshold, preventing performance degradation due to clustering or collisions.",no,yes,"[['neutral'], ['neutral']]",n,yes,0
65,803,C,2018,A,B,4-c,T3/ds18AB-Sol.pdf,4,"After looking at the hash table using the Chaining method, we thought it would be advisable to change our data structure choice (from a linked list to another data structure) in order to achieve better asymptotic complexity for insertion, search, and deletion from the hash table, even in the worst case (for any load factor), and also on average (for a load factor > 1). Let us denote load factor = \(\alpha\). What is the average complexity of insertion/search/deletion, depending on \(\alpha = \text{load factor}\)? (The tightest answer.)

A. \(O(\log \log \alpha)\)
B. \(O(\alpha \log \alpha)\)
C. \(O(\alpha)\)
D. \(O(\log \alpha)\)",d,"a,d,f,g,h",tested,"לאחר שהסתכלנו על טבלת האש בשיטת Chaining , חשבנו שכדאי לנו להחליף את בחירת מבנה הנתונים (מרשימה מקושרת, למבנה נתונים אחר) כדי להשיג סיבוכיות אסימפטוטית טובה יותר בהכנסה, חיפוש ומחיקה מטבלת ההאש, גם במקרה הגרוע ביותר (לכל 𝑙𝑜𝑎𝑑𝑓𝑎𝑐𝑡𝑜𝑟 (, וגם בתוחלת (עבור 𝑙𝑜𝑎𝑑𝑓𝑎𝑐𝑡𝑜𝑟>1 ). נסמן 𝑙𝑜𝑎𝑑𝑓𝑎𝑐𝑡𝑜𝑟=𝛼. מה הסיבוכיות בתוחלת של הכנסה/חיפוש/הוצאה, כתלות ב 𝛼=𝑙𝑜𝑎𝑑𝑓𝑎𝑐𝑡𝑜𝑟 ? )התשובה ההדוקה ביותר).
א. ( 𝑂(loglog𝛼
ב. (𝑂(𝛼log𝛼
ג. 𝑂(𝛼)
ד. 𝑂(log𝛼)","ד. הסבר: עבור עץ מאוזן, הסיבוכיות בתוחלת של פעולה תהיה תוחלת של ( log מספר האיברים בתא). מהתזכורת נקבל שהביטוי הנ""ל קטן או שווה ל- log של (תוחלת מספר האיברים בתא). כידוע, תוחלת מספר האיברים בתא הוא 𝛼 , ולכן נקבל שהסיבוכיות בתוחלת היא log𝛼⁡ . התוחלת היא על פוקנציות ההאש מהמשפחה האוניברסלית.","\textbf{D. Explanation}: For a balanced tree, the average complexity of an operation will be the expectation of (log of the number of elements in the cell). From the reminder, we obtain that the above expression is less than or equal to the log of (the expected number of elements in the cell). As is known, the expected number of elements in the cell is \(\alpha\), and therefore we obtain that the average complexity is \(\log \alpha\). The expectation is over the hash functions from the universal family.","The average complexity of insertion, search, and deletion in a hash table using Chaining method can be expressed in terms of the load factor \(\alpha\) as follows:

A. \(O(\log \log \alpha)\)
B. \(O(\alpha \log \alpha)\)
C. \(O(\alpha)\)
D. \(O(\log \alpha)\)",question,yes,"[['neutral'], ['entailment']]",,,
66,804,C,2018,A,B,5,T3/ds18AB-Sol.pdf,9,"\begin{quote}
In class, we learned about a deterministic \textit{select} that performed a \textit{partition} using a \textit{pivot} chosen by the median-of-medians algorithm. Assume that instead of the aforementioned \textit{pivot}, you received a new algorithm called \textit{GoodPivot} that takes an array containing \( n \) keys and returns the value of the \( 0.05n \)-th smallest element. For example, on an array of size 1000, it will return the value of the 50th smallest key. \textit{GoodPivot} does not call \textit{select} (unlike the median-of-medians algorithm). Assume the running time of \textit{GoodPivot} is bounded by \( c_1 \times n \), and the running time of \textit{partition} is bounded by \( c_2 \times n \). We are interested in the cost of \textit{select} using \textit{GoodPivot}. Choose the tightest answer. The running time of the algorithm is bounded by:
a. \( cn \)
b. \( c n \log n \)
c. \( cn^2 \)
Provide a proof by induction and the lowest value of \( c \) (as a function of \( c_1, c_2 \), and the problem data).
\end{quote}",a,m,tested,"בכיתה למדנו על 𝑠𝑒𝑙𝑒𝑐𝑡 דטרמיניסטי שביצע 𝑝𝑎𝑟𝑡𝑖𝑡𝑖𝑜𝑛 תוך שמוש ב 𝑝𝑖𝑣𝑜𝑡 שנבחר על ידי אלגוריתם חציון-החציונים.
הניחו שבתור תחליף ל 𝑝𝑖𝑣𝑜𝑡 הנ""ל קיבלתם אלגוריתם חדש הנקרא 𝐺𝑜𝑜𝑑𝑃𝑖𝑣𝑜𝑡 המקבל מערך המכיל 𝑛 מפתחות ומחזיר את הערך של האיבר ה 0.05𝑛 הקטן ביותר. לדוגמה על מערך בגודל 1000 הוא יחזיר את ערך המפתח ה 50 הקטן ביותר. 𝐺𝑜𝑜𝑑𝑃𝑖𝑣𝑜𝑡 אינו קורא ל 𝒔𝒆𝒍𝒆𝒄𝒕 )בנגוד לאלגוריתם חציון החציונים). הניחו שזמן הריצה של 𝐺𝑜𝑜𝑑𝑃𝑖𝑣𝑜𝑡 חסום על ידי 𝑐1*𝑛 זמן הריצה של 𝑝𝑎𝑟𝑡𝑖𝑡𝑖𝑜𝑛 חסום על ידי 𝑐2*𝑛 . אנחנו מעוניינים בעלות של select המשתמש ב 𝐺𝑜𝑜𝑑𝑃𝑖𝑣𝑜𝑡 .
בחרו את התשובה ההדוקה ביותר.
זמן הריצה של האלגוריתם חסום על ידי:
א. 𝑐𝑛
ב. 𝑐⁡𝑛𝑙𝑜𝑔𝑛
ג. 𝑐𝑛2
ספקו הוכחה באינדוקציה ואת ערכו של 𝐜 הנמוך ביותר (כפונקציה של 𝑐1,𝑐2 ונתוני הבעייה).","החסם ההדוק ביותר הינו: א. הערך הינו c הינו: 20. הוכחה: אינדוקציה - T(n) < (c1+c2)n + t(0.95n)
T(n) < (c1+c2)n + 0.95*20 (c1+c2)n = 20(c1+c2)n","The tightest bound is: A. The value c is: 20. Proof: Induction - \( T(n) < (c_1+c_2)n + t(0.95n) \) 
\( T(n) < (c_1+c_2)n + 0.95 \times 20 (c_1+c_2)n = 20(c_1+c_2)n \)","\textbf{Solution:}

Let's denote the cost of solving a problem of size \(n\) using the \textit{GoodPivot} algorithm as \(T(n)\). 

In each call to the \textit{GoodPivot} algorithm, we are assuming that the running time is bounded by \(c_1 \times n\). So, the cost of finding the \(0.05n\)-th smallest element can be expressed as \(c_1 \times n\). 

After finding the \(0.05n\)-th smallest element, we need to partition the array around this chosen pivot, which is assumed to take a time bounded by \(c_2 \times n\).

Therefore, the cost of selecting a pivot using \textit{GoodPivot} and performing a partition is \(c_1 \times n + c_2 \times n\).

Let's consider the recurrence relation for \(T(n)\):
\[T(n) \leq T(n-1) + c_1 \cdot n + c_2 \cdot n \]

Now, let's prove by induction that the cost of \textit{select} using \textit{GoodPivot} is \(O(n)\).

\textbf{Base Case:} For \(n = 1\), the cost is a constant, i.e. \(c \cdot 1\) where \(c\) includes both \(c_1\) and \(c_2\).

\textbf{Inductive Hypothesis:} Assume that \(T(k) \leq c \cdot k\) for all \(k < n\).

\textbf{Inductive Step:}
\begin{align*}
T(n) &\leq T(n-1) + c_1 \cdot n + c_2 \cdot n \\
&\leq c \cdot (n-1) + c_1 \cdot n + c_2 \cdot n \\
&\leq c \cdot n - c + c_1 \cdot n + c_2 \cdot n \\
&= c_1 \cdot n + c_2 \cdot n + (c - c) \\
&= c_1 \cdot n + c_2 \cdot n \\
&= c \cdot n
\end{align*}

Therefore, by induction, the cost of \textit{select} using \textit{GoodPivot} is \(O(n)\).

The tightest answer for the running time of the algorithm is \(a. \, cn\). The lowest value of \(c\) is the sum of \(c_1\) and \(c_2\), assuming that these are the dominating factors in the overall running time.",maybe,yes,"[['entailment'], ['entailment']]",yes,n,0
67,805,C,2018,A,B,6-a,T3/ds18AB-Sol.pdf,5,"In order to improve \texttt{quicksort}, a new function \texttt{GreatPivot} has been created. It receives an array containing $n$ keys and returns a random value that is uniformly distributed among all key values that are greater than or equal to the $\lceil 0.05n \rceil$-th largest and less than or equal to the $\lfloor 0.95n \rfloor$-th largest element. The \texttt{partition} function performs the partitioning using this value. In other words, unlike \texttt{randpartition}, which selects a pivot randomly from all elements, this choice is restricted to only 90\% of the elements mentioned above.

The cost of \texttt{greatpivot} is $O(1)$, and the cost of \texttt{partition} is linear. The time complexity of \texttt{quicksort} when using \texttt{partition} and \texttt{GreatPivot} is, in the worst case:
\begin{enumerate}
  \item $\Theta(n)$
  \item $\Theta(0.9n)$
  \item $\Theta(n \log n)$
  \item $\Theta(n^2)$
\end{enumerate}",c,j,tested,"במטרה לשפר את 𝑞𝑢𝑖𝑐𝑘𝑠𝑜𝑟𝑡 יוצרה פונקציה חדשה 𝐺𝑟𝑒𝑎𝑡𝑃𝑖𝑣𝑜𝑡 המקבלת מערך המכיל n מפתחות ומחזירה ערך אקראי המתפלג יוניפורמית בין כל ערכי המפתחות שהם גדולים או שווים לאיבר ה ⌈0.05n⌉ בגודלו וקטנים או שווים מהאיבר ה ⌊0.95𝑛⌋ בגודלו. הפונקציה 𝑝𝑎𝑟𝑡𝑖𝑡𝑖𝑜𝑛 מבצעת את החלוקה על ערך זה. במילים אחרות בניגוד ל 𝑟𝑎𝑛𝑑𝑝𝑎𝑟𝑡𝑖𝑡𝑖𝑜𝑛 , שבוחר פיבוט באקראי מכל האיברים, בחירה זו מתפרשת רק על 90% מהאיברים שצוינו לעיל.
עלותה של 𝑔𝑟𝑒𝑎𝑡𝑝𝑖𝑣𝑜𝑡 הינה (1)O ועלות ה 𝑝𝑎𝑟𝑡𝑖𝑡𝑖𝑜𝑛 היא לינארית.
סיבוכיות 𝑞𝑢𝑖𝑐𝑘𝑠𝑜𝑟𝑡 בשימוש ב 𝑝𝑎𝑟𝑡𝑖𝑡𝑖𝑜𝑛 וב 𝐺𝑟𝑒𝑎𝑡𝑃𝑖𝑣𝑜𝑡 הינה ב Worst case :
א. Θ(𝑛)
ב. Θ(0.9𝑛)
ג. Θ(𝑛𝑙𝑜𝑔𝑛)
ד. Θ(𝑛^2)","הסיבוכיות הינה: 𝜃(𝑛𝑙𝑜𝑔𝑛). הוכחה:
עומק העץ חסום מלמעלה על ידי 𝑙𝑜𝑔1/0.95𝑛 ומלמטה על ידי 𝑙𝑜𝑔1/0.05𝑛 . כלומר בין העומקים האלו רוחב השכבה הוא חלקי. לכן חסמים של רוחב כולל של כל השכבות הינם 𝑛𝑙𝑜𝑔1/0.95𝑛 𝑛𝑙𝑜𝑔1/0.05𝑛","The complexity is: \( \theta(n \log n) \). Proof:  
The depth of the tree is bounded from above by \(\log_{1/0.95} n\) and from below by \(\log_{1/0.05} n\). That is, between these depths, the width of the layer is partial. Therefore, the bounds on the total width of all layers are \(n \log_{1/0.95} n\) and \(n \log_{1/0.05} n\).",The time complexity of \texttt{quicksort} when using \texttt{partition} and \texttt{GreatPivot} in the worst case is $\Theta(n^2)$.,no,yes,"[['neutral'], ['neutral']]",n,n,1
68,807,B,2018,A,B,7-a,T3/ds18AB-Sol.pdf,6,"\documentclass{article}
\begin{document}

In class, we learned about Union-Find implemented with linked lists. In this implementation, the \textit{union} operation was costly, and the \textit{find} was inexpensive. 

Reminder: In the union operation, the shorter list was merged into the longer one. Each list had a leader to whom all the elements of the list pointed. In the union operation, the algorithm traversed all the elements in the shorter list and updated their pointer to the leader of the longer list. The find operation returned the leader in $O(1)$ time.

We will deal with careless Find-Union. In it, merging the shorter list into the longer one is emphasized only if a certain condition concerning the two lists $A$ and $B$ holds. Otherwise, one is arbitrarily merged into the other.

If the ""emphasis"" condition is $5 < |\text{size}(A) - \text{size}(B)|$:

1. What is the maximum cost of the \textit{union} operation? (Counted by the number of elements changing groups)
2. What will be the complexity of $n$ \textit{union} operations? (Order of magnitude)

\end{document}",na,n,tested,"בכיתה למדנו על Union-Find במימוש ברשימות מקושרות. במימוש זה פעולת ה 𝑢𝑛𝑖𝑜𝑛 הייתה יקרה ו 𝑓𝑖𝑛𝑑 הייתה זולה.
תזכורת: בפעולת איחוד מוזגה הרשימה הקצרה אל הארוכה. לכל רשימה היה מנהיג שכל איברי הרשימה הצביעו אליו. בפעולת union , האלגוריתם עבר על כל האיברים ברשימה הקצרה ועדכן את המצביע שלהם למנהיג הרשימה הארוכה. פעולת find החזירה את המנהיג בזמן (1)O .
נעסוק ב Find -Union רשלני. בו מקפידים על מיזוג הרשימה הקצרה אל הארוכה רק אם מתקיים תנאי מסוים לגבי שתי הרשימות A ו B . אחרת ממזגים שרירותית אחת אל השנייה.
אם תנאי ה""הקפדה"" הינו 5 < |𝑠𝑖𝑧𝑒(𝐴)−𝑠𝑖𝑧𝑒(𝐵)|⁡ ⁡ 
1. מה העלות המירבית של פעולת 𝑢𝑛𝑖𝑜𝑛 ? )נספרת במספר האיברים העוברים קבוצה)
2. מה תהיה הסיבוכיות של n פעולות 𝑢𝑛𝑖𝑜𝑛 ? )סדר גודל)","עלות מירבית לפעולת union (מספר האיברים העוברים קבוצה): n/2+2
נימוק:
Merge n/2-2 with n/2+2
עלות n פעולות union (סדר גודל) : O(nlog n)
נימוק: For each element each transfer increases its group by factor of at least 1.5 (if size > 10) so # times it transfers is at most 10 + log (base 1.5) of n","\text{Maximum cost for a union operation (number of elements crossing a set): } \frac{n}{2} + 2 \\
\text{Justification:} \\
\text{Merge } \frac{n}{2} - 2 \text{ with } \frac{n}{2} + 2 \\
\text{Cost of } n \text{ union operations (order of magnitude): } O(n \log n) \\
\text{Justification: For each element, each transfer increases its group by a factor of at least 1.5 (if size > 10), so the number of times it transfers is at most } 10 + \log_{\text{base } 1.5} n","\documentclass{article}
\begin{document}

In class, we learned about Union-Find implemented with linked lists. In this implementation, the \textit{union} operation was costly, and the \textit{find} was inexpensive. 

Reminder: In the union operation, the shorter list was merged into the longer one. Each list had a leader to whom all the elements of the list pointed. In the union operation, the algorithm traversed all the elements in the shorter list and updated their pointer to the leader of the longer list. The find operation returned the leader in $O(1)$ time.

We will deal with careless Find-Union. In it, merging the shorter list into the longer one is emphasized only if a certain condition concerning the two lists $A$ and $B$ holds. Otherwise, one is arbitrarily merged into the other.

If the ""emphasis"" condition is $5 < |\text{size}(A) - \text{size}(B)|$:

1. What is the maximum cost of the \textit{union} operation? (Counted by the number of elements changing groups)
2. What will be the complexity of $n$ \textit{union} operations? (Order of magnitude)

\end{document}",question,yes,"[['neutral'], ['contradiction']]",,,
69,808,B,2018,A,B,7-b,T3/ds18AB-Sol.pdf,6,"\begin{itemize}
    \item In class, we learned about Union-Find implemented with linked lists. In this implementation, the union operation was costly and the find operation was cheap.
    \item Reminder: In the union operation, the shorter list was merged into the longer one. Each list had a leader to which all elements of the list pointed. In the union operation, the algorithm iterated over all the elements of the shorter list and updated their pointer to the leader of the longer list. The find operation returned the leader in \( O(1) \) time.
    \item We will discuss a careless Union-Find, where merging the shorter list into the longer one is enforced only if a certain condition regarding the two lists \( A \) and \( B \) is met. Otherwise, one is arbitrarily merged into the other.
    \item If the condition for ""enforcement"" is \( \frac{\text{size}(A)}{\text{size}(B)} > 5 \) or \( \frac{\text{size}(A)}{\text{size}(B)} < \frac{1}{5} \):
    \begin{enumerate}
        \item What is the maximum cost of a union operation? (Counted by the number of elements switching groups)
        \item What will be the complexity of \( n \) union operations? (Order of magnitude)
    \end{enumerate}
\end{itemize}",na,n,tested,"בכיתה למדנו על Union-Find במימוש ברשימות מקושרות. במימוש זה פעולת ה 𝑢𝑛𝑖𝑜𝑛 הייתה יקרה ו 𝑓𝑖𝑛𝑑 הייתה זולה.
תזכורת: בפעולת איחוד מוזגה הרשימה הקצרה אל הארוכה. לכל רשימה היה מנהיג שכל איברי הרשימה הצביעו אליו. בפעולת union , האלגוריתם עבר על כל האיברים ברשימה הקצרה ועדכן את המצביע שלהם למנהיג הרשימה הארוכה. פעולת find החזירה את המנהיג בזמן (1)O .
נעסוק ב Find -Union רשלני. בו מקפידים על מיזוג הרשימה הקצרה אל הארוכה רק אם מתקיים תנאי מסוים לגבי שתי הרשימות A ו B . אחרת ממזגים שרירותית אחת אל השנייה.
אם תנאי ה""הקפדה"" הינו 𝑠𝑖𝑧𝑒(A) / 𝑠𝑖𝑧𝑒(B)⁡ ⁡>⁡ 5 או ⁡⁡𝑠𝑖𝑧𝑒(𝐴)/𝑠𝑖𝑧𝑒(𝐵)⁡ < ⁡1/5:
1. מה העלות המירבית של פעולת 𝑢𝑛𝑖𝑜𝑛 ? )נספרת במספר האיברים העוברים קבוצה)
2. מה תהיה הסיבוכיות של n פעולות 𝑢𝑛𝑖𝑜𝑛 ? )סדר גודל)","עלות מירבית לפעולת 𝑢𝑛𝑖𝑜𝑛 )מספר האיברים העוברים קבוצה): 5/6n
Merge 5/6 with 1/6 n ➔ costs 5/6n
נימוק:
עלות 𝑛 פעולות 𝑢𝑛𝑖𝑜𝑛 )סדר גודל): (O(nlogn
נימוק:
For each element each transfer increases its group by factor of at least 6/5 so # transfers is at most log (base 1.2) of n","\begin{itemize}
    \item Maximum cost for a $\text{union}$ operation (number of elements transferring groups): $\frac{5}{6}n$
    \item Merge $\frac{5}{6}$ with $\frac{1}{6} n \Rightarrow$ costs $\frac{5}{6}n$
    \item Justification:
    \item Cost of $n$ $\text{union}$ operations (order of magnitude): $O(n \log n)$
    \item Justification:
    \item For each element, each transfer increases its group by a factor of at least $\frac{6}{5}$, so the number of transfers is at most $\log_{1.2} n$
\end{itemize}","\begin{enumerate}
    \item The maximum cost of a union operation occurs when the condition for ""enforcement"" is met, i.e., \( \frac{\text{size}(A)}{\text{size}(B)} > 5 \) or \( \frac{\text{size}(A)}{\text{size}(B)} < \frac{1}{5} \). In this case, the shorter list (either \( A \) or \( B \)) is merged into the longer one. Therefore, the maximum cost would be equal to the size of the shorter list. The worst-case scenario is when the two lists have nearly equal sizes, and the size of the shorter list is around half of the larger list. So, the maximum cost of a union operation is approximately \( \frac{n}{2} \), where \( n \) is the total number of elements in the two lists.
    
    \item The complexity of \( n \) union operations will depend on the number of elements in each list and how they are merged. Since the maximum cost of a union operation is \( \frac{n}{2} \), and we perform \( n \) union operations, the overall complexity of \( n \) union operations would be \( O(n^2) \) in the worst case scenario. This is because each union operation may potentially iterate through almost all the elements in the two lists, resulting in a quadratic complexity.
\end{enumerate}",no,yes,"[['entailment'], ['entailment']]",no,n,0
70,809,C,2018,A,B,8-a,T3/ds18AB-Sol.pdf,3,"Alice ran the Perfect Hash algorithm learned in class (Two Level Hashing) on \( n > 100,000 \) keys. During the execution of the first part of the algorithm (creating the main table), Alice chose a function \( h_1 \) and discovered that the last \( 0.9n \) cells in the table are empty (we do not know what happened with the first cells). Answer True\False and justify: According to the algorithm, Alice can proceed to the second stage of the algorithm (creation of secondary level tables).",FALSE,g,tested,"אליס הריצה את האלגוריתם Perfect Hash שנלמד בכיתה ( Two Level Hashing ) על 𝑛>100,000 מפתחות. בהרצת החלק הראשון של האלגוריתם )יצירת הטבלה הראשית) בחרה אליס פונקציה ℎ1 וגילתה שכל 0.9𝑛 התאים האחרונים בטבלה ריקים (לא ידוע לנו מה קרה בתאים הראשונים). עני נכון\לא נכון ונמקי: על פי האלגוריתם אליס יכולה להמשיך לשלב השני של האלגוריתם (ייצור טבלאות ברמה השניה).","לא. הסבר: סכום הריבועים הינו לפחות 10n בערך. בוודאות גדול מ n . עפ האלגוריתם חוזרים על שלב 1 .
col| >= (n/10)*(10*9/2) = n*9/2 > n       ->       algorithm will rpeat stage 1|.","\noindent No. Explanation: The sum of the squares is at least approximately $10n$. Definitely greater than $n$. According to the algorithm, return to step 1. $\text{col} \mid \geq \left(\frac{n}{10}\right) \left(\frac{10 \times 9}{2}\right) = \frac{9n}{2} > n \rightarrow \text{algorithm will repeat stage 1} \mid$.","\[
\text{False.}
\]

Alice cannot proceed to the second stage of the algorithm because the load factor of the main table is too high. The load factor is calculated as \( \frac{n - 0.9n}{n} = 0.1 \), which means that 90% of the table is full. The algorithm requires that the load factor of the main table should be less than 0.5 to proceed to the second stage of the algorithm. Therefore, since the load factor is 0.1, Alice cannot proceed to the second stage.",maybe,maybe,"[['neutral'], ['neutral']]",n,no,0
71,811,C,2018,A,B,8-c,T3/ds18AB-Sol.pdf,2,"Alice ran the Perfect Hash algorithm learned in class (Two Level Hashing) on 𝑛>100,000 keys. In running the first part of the algorithm (creating the main table), Alice chose a function ℎ1 and found that all 0.9𝑛 of the last slots in the table are empty (we do not know what happened in the first slots). Answer true\false and explain: In light of the results of the first stage, if Alice continues directly to the second stage, then the expected number of attempts to obtain good functions in the second stage will be greater than 10.",FALSE,g,tested,"אליס הריצה את האלגוריתם Perfect Hash שנלמד בכיתה ( Two Level Hashing ) על 𝑛>100,000 מפתחות. בהרצת החלק הראשון של האלגוריתם )יצירת הטבלה הראשית) בחרה אליס פונקציה ℎ1 וגילתה שכל 0.9𝑛 התאים האחרונים בטבלה ריקים (לא ידוע לנו מה קרה בתאים הראשונים). עני נכון\לא נכון ונמקי: לאור תוצאות השלב הראשון, במידה ואליס תמשיך ישירות לשלב השני אזי תוחלת מספר הניסיונות להשגת פונקציות טובות בשלב השני יהיה גדול מ 10.",לא. הסבר: התוחלת חסומה על ידי 2.,\textit{No. Explanation: The expectation is bounded by 2.},"In the first stage of the algorithm, if 0.9𝑛 of the last slots in the table are empty, it implies that the load factor (λ) for the main table is 0.1. The load factor is given by the formula:

\[ \lambda = \frac{n}{m} \]

where 𝑛 is the number of keys and 𝑚 is the size of the main table. Since 0.9𝑛 slots are empty, the number of keys 𝑛 is given by 0.1𝑛, and thus the load factor becomes 0.1. 

In the context of perfect hashing using two-level hashing, the expected number of attempts to obtain good functions in the second stage can be calculated using the formula:

\[ E[X] = \frac{1}{1-\lambda} = \frac{1}{1-0.1}= \frac{1}{0.9} \approx 1.11 \]

Since the expected number of attempts is less than 10 (1.11<10), the correct answer is false. If Alice continues directly to the second stage, the expected number of attempts to obtain good functions in the second stage will be less than 10.",yes,yes,"[['neutral'], ['neutral']]",n,n,1
72,816,B,2018,A,B,9-c,T3/ds18AB-Sol.pdf,3,"\textit{An NAVL tree is a binary search tree.}

\textit{It satisfies the following properties:}

\begin{enumerate}
    \item \textit{Each leaf has rank 0.}
    \item \textit{Each external leaf has rank -1.}
    \item \textit{Each internal node has children with rank differences of 1-1, 1-2, 1-3, …, 1-n.}
\end{enumerate}

\textit{What is the minimum number of internal nodes (non-external) of an NAVL tree whose root rank is \( k \)? What is the search complexity of an element in a binary search tree of type NAVL (in the worst case)?}",na,f,tested,"עץ 𝑛𝑎𝑣𝑙 הוא עץ חיפוש בינארי.
הוא מקיים את התכונות הבאות :
1. לכל עלה יש דרגה 0 .
2. לכל עלה חיצוני יש דרגה -1
3. כל צומת פנימית יש ילדים עם הפרשי דרגות 1-1, 1-2, 1-3, … 1-n .
מה הוא מספר הצמתים הפנימיים המינימלי (לא חיצוניים) של עץ 𝑛𝑎𝑣𝑙 שדרגת השורש שלו היא 𝑘 ? מה היא הסיבוכיות חיפוש של איבר בעץ חיפוש בינארי מסוג 𝑛𝑎𝑣𝑙 )במקרה הגרוע ביותר(?","מספר: k
נימוק קצר: העץ יכול להיות רשימה מקושרת. כשהבנים של כל צומת בדרגה i הם עלה חיצוני, וצומת בדרגה i-1 . הפרשי הדרגות של צומת כזו הם i+1,1.
סיבוכיות: 𝑂(𝑛)
נימוק קצר: עץ כמתואר בסעיף א' הוא רשימה מקושרת. בעצים כאלה חיפוש הוא ב O(n) כמו ברשימה מקושרת.","\begin{itemize}
    \item Number: k
    \item Brief explanation: The tree can be a linked list. When the children of each node at degree $i$ are an external leaf, and a node at degree $i-1$. The degree differences of such a node are $i+1, 1$.
    \item Complexity: $O(n)$
    \item Brief explanation: A tree as described in section A is a linked list. In such trees, searching is in $O(n)$ like in a linked list.
\end{itemize}","The minimum number of internal nodes (non-external) of an NAVL tree whose root rank is \( k \) is \( 2^{k+1} - 1 \).

The search complexity of an element in a binary search tree of type NAVL in the worst case is \( O(\log n) \), where \( n \) is the number of nodes in the tree.",no,yes,"[['entailment'], ['neutral']]",no,n,0
73,818,C,2018,A,A,1,T3/ds18AA-Sol.pdf,7,"In class, we learned about \textbf{select} using a random \textbf{partition}. In a specific run of this algorithm on an array $A$ of length $n$, the function \textbf{select} (including recursive calls to itself) was called $0.75n$ times in total (where $n$ is divisible by $4$). Assume that the runtime of \textbf{partition} is linear in the length of its input.
The runtime complexity was (choose the tightest answer):
\begin{enumerate}
    \item \(O(n)\)
    \item \(O(n \log n)\)
    \item \(O(n^2)\)
    \item Any answer between \(O(n)\) and \(O(n^2)\) is possible and depends on the values of the array.
    \item It is impossible to bound the running time since only the expected running time can be calculated.
\end{enumerate}",3,m,tested,"בכיתה למדנו על select המשתמש ב partition אקראי. בריצה ספציפית שביצע אלגוריתם זה על מערך A באורך n נקראה הפונקציה select (כולל קריאות לעצמה) 0.75n פעמים (n מתחלק ב 4) בסך הכל. הניחו שזמן הריצה של partition הינו לינארי באורך הקלט שלו.
סבוכיות זמן הריצה היתה (בחרו את התשובה ההדוקה ביותר):
א.	(O(n
ב.	(O(nlogn
ג.	(O(n2
ד.	כל תשובה בין (O(n לבין ףמ)0הינה אפשרית ותלויה בערכי המערך.
ה.	אי אפשר לחסום את זמן הריצה כי ניתן רק לחשב את תוחלת זמן הריצה.","Worst case is between 1 + 2 + 3 + ⋯ + 0.75n = Θ(n^2) and 0.25n + 0.25n + 1 + 0,25n + 2 + ... . n = Θ (n^2)",مקרה הגרוע ביותר הוא בין 1 + 2 + 3 + ⋯ + 0.75n = \Theta(n^2) ל-0.25n + 0.25n + 1 + 0.25n + 2 + ... + n = \Theta(n^2),"\begin{enumerate}
    \item \(O(n)\)
    \item \(O(n \log n)\)
    \item \(O(n^2)\)
    \item Any answer between \(O(n)\) and \(O(n^2)\) is possible and depends on the values of the array.
    \item It is impossible to bound the running time since only the expected running time can be calculated.
\end{enumerate}",question,maybe,"[['contradiction'], ['contradiction']]",,,
74,819,C,2018,A,A,2,T3/ds18AA-Sol.pdf,5,"In class, we learned about select which uses a random partition. In a specific run performed by this algorithm on an array \( A \) of length \( n \), the function select (including calls to itself) was called 0.75\( n \) times (where \( n \) is divisible by 4) in total. Assume the running time of partition is linear in the length of its input. We are interested in the array \( A \) being sorted (from smallest to largest).
After the above run, the number of elements in the array \( A \) that are not in the correct place is (provide the tightest answer):
A. At most 0.25\( n \)
B. At most 0.75\( n \)
C. At least 0.75\( n \)
D. At most \(\log n\)
E. All elements are in place. The array is sorted.
F. Since partition is random - it is not possible to know, thus the other answers are incorrect.",1,m,tested,"בכיתה למדנו על select המשתמש ב partition אקראי. בריצה ספציפית שביצע אלגוריתם זה על מערך A באורך n נקראה הפונקציה select (כולל קריאות לעצמה) 0.75n פעמים (n מתחלק ב 4) בסך הכל. הניחו שזמן הריצה של partition הינו לינארי באורך הקלט שלו. מעוניינים שהמערך A יהיה ממוין (מקטן לגדול).
לאחר הריצה הנ""ל מספר האיברים במערך A שאינם נמצאים במקום הנכון הינו (ספקו התשובה ההדוקה ביותר):
א.	לכל היותר 0.25n
ב.	לכל היותר 0.75n
ג.	לכל הפחות 0.75n
ד.	לכל היותר logn
ה.	כל האיברים נמצאים במקום. המערך ממוין.
ו.	היות ו partition אקראי - אי אפשר לדעת ולכן התשובות האחרות אינן נכונות.",There are 0.75n pivots. They all land in their place. All the rest we don’t know.,\textit{There are } 0.75n \textit{ pivots. They all land in their place. All the rest we don't know.},"The number of elements in the array \( A \) that are not in the correct place after the run of the select algorithm can be determined by analyzing the number of elements that are incorrectly placed after each call to the select function.

Since in total select was called 0.75\( n \) times, this means that on average, after each call to select, approximately 0.25\( n \) elements are not in the correct place. Therefore, after the final call to select, the number of elements in the array \( A \) that are not in the correct place is at most 0.25\( n \).

Therefore, the answer is:

A. At most 0.25\( n \)",yes,maybe,"[['contradiction'], ['entailment']]",no,n,0
75,821,C,2018,A,A,4,T3/ds18AA-Sol.pdf,5,"\documentclass{article}
\usepackage[utf8]{inputenc}
\begin{document}

In class, we learned about lazy binomial heaps. We will be interested in an implementation where: 
1. insert is performed by adding a tree of size 1 to the end of the list of trees. 
2. In deletemin, after removing the minimum, we insert its children at the end of the list of trees and perform successive linking by scanning the trees (starting from the head of the list and ending at its tail). 

Alice (A) performed insert of the elements \(1, 2, \ldots, 2^k, 2^k + 1, 2^k + 2\) in ascending order and then executed two deletemin operations. 
Bob (B) performed insert of the same elements in descending order and then executed two deletemin operations. 
Let \(\#\text{links}(A), \#\text{links}(B)\) denote the number of link operations that will be performed in the second deletemin operation in the structure of A and in the structure of B, respectively. 
For \(1 < k\):

a. \(0 \sim |\#\text{links}(A) - \#\text{links}(B)|\)

b. \(|\#\text{links}(A) - \#\text{links}(B)| \sim \log k\)

c. \(|\#\text{links}(A) - \#\text{links}(B)| \sim k\)

d. \(|\#\text{links}(A) - \#\text{links}(B)| \sim 2^k\)

e. The answer depends on \(k\)

\end{document}",3,i,tested,"בכיתה למדנו על lazy binomial heap. נתעניין במימוש שבו: 1 .insert מתבצע על ידי הוספת עץ בגודל 1 לסוף רשימת העצים.
2.ב deletemin, לאחר השמטת המינימום, מכניסים את ילדיו לסוף רשימת העצים ומבצעים successive linking על ידי סריקת העצים (המתחילה בראש הרשימה ומסתיימת בסופה).
אליס (A) ביצעה insert של האיברים 2 + 1,2, .. .,2k, 2k + 1,2k בסדר עולה ואחר כך בצעה שני deletemin.
בוב (B) ביצע insert של אותם האיברים בסדר יורד ואחר כך ביצע שני deletemin.
נסמן ב (links(B) ,#links(A# את מספר פעולות ה link שיתבצעו בפעולת ה deletemin השניה במבנה של A ובמבנה של B בהתאמה.
עבור 1<:k
א.        0 ~ |(links(A) — #links(B#|
ב.        links(A) — #links(B) | ~ log k#|
ג.        links(A) — #links(B)l ~ k#|
ד.        l#links(A) — #links(B)l ~ 2fc
ה.        התשובה תלויה ב  K","הסבר קצר: (לצורך המחשת ההסבר ניתן להשתמש ב3=k אך הנימוק נכון ל 1<k כללי).
In one DS the minimum is in a tree of size 1, in the other DS the minimum is in a tree of
.(size 2k (with k children","\textit{Short explanation: (To illustrate the explanation, we can use $k=3$, but the reasoning is valid for general $k>1$). In one data structure, the minimum is in a tree of size 1, whereas in the other data structure, the minimum is in a tree of size $2k$ (with $k$ children).}","\documentclass{article}
\usepackage[utf8]{inputenc}
\begin{document}

In class, we learned about lazy binomial heaps. We will be interested in an implementation where: 
1. insert is performed by adding a tree of size 1 to the end of the list of trees. 
2. In deletemin, after removing the minimum, we insert its children at the end of the list of trees and perform successive linking by scanning the trees (starting from the head of the list and ending at its tail). 

Alice (A) performed insert of the elements \(1, 2, \ldots, 2^k, 2^k + 1, 2^k + 2\) in ascending order and then executed two deletemin operations. 
Bob (B) performed insert of the same elements in descending order and then executed two deletemin operations. 
Let \(\#\text{links}(A), \#\text{links}(B)\) denote the number of link operations that will be performed in the second deletemin operation in the structure of A and in the structure of B, respectively. 
For \(1 < k\):

a. \(0 \sim |\#\text{links}(A) - \#\text{links}(B)|\)

b. \(|\#\text{links}(A) - \#\text{links}(B)| \sim \log k\)

c. \(|\#\text{links}(A) - \#\text{links}(B)| \sim k\)

d. \(|\#\text{links}(A) - \#\text{links}(B)| \sim 2^k\)

e. The answer depends on \(k\)

\end{document}",question,,"[['contradiction'], ['contradiction']]",,,
76,822,C,2018,A,A,5,T3/ds18AA-Sol.pdf,1.6,"\begin{quote}
Bob implemented the perfect hash algorithm studied in class (two-level hashing). In running the first part of the algorithm (creating the main table), Bob chose the function \( h_1 \) and discovered that for the last \(1 + n - \sqrt{n} \) keys that he inserted into the main table, each one entered a ""private"" cell (i.e., without collision). Based on this information, Bob decided not to check the other keys and not to try additional functions in the first stage, and move on to the second stage. Answer true\false and justify. Within no more than 2 attempts in the second stage (for each sub-table), a perfect hash will be found.
\end{quote}",FALSE,g,tested,"בוב הריץ את אלגוריתם perfect hash שנלמד בכיתה (two level hashing). בהרצת החלק הראשון של האלגוריתם (יצירת הטבלה הראשית) בחר בוב פונקציה h1 וגילה ש  sqrt(n) +n + 1-  המפתחות האחרונים שהכניס לטבלה הראשית נכנסו כל אחד לתא ""פרטי"" (כלומר ללא התנגשות). על סמך מידע זה החליט בוב שלא יבדוק את המפתחות האחרים ולא ינסה פונקציות נוספות בשלב הראשון ויעבור לבצוע השלב השני. ענה נכון\לא נכון ונמק. תוך 2 נסיונות לכל היותר בשלב השני (עבור כל טבלת משנה) - ימצא hash מושלם.",לא נכון. שלב שני מייצר טבלות ריבועיות ולכן עובד בתוחלת בשני נסיונות נתוני השאלה לא השפיעו על זה.,\textit{Not true. The second stage produces square tables and therefore works on average in two attempts. The data from the question did not affect this.},"\textbf{Solution:}

False. 

Justification: 

Although Bob was able to insert the last \(1 + n - \sqrt{n}\) keys without collision in the main table using \(h_1\), this does not guarantee that there will be no collisions in the sub-tables during the second stage. The fact that these keys entered ""private"" cells in the main table does not imply that they will not collide in the secondary tables. 

In order to find a perfect hash, Bob still needs to check for collisions in the sub-tables and potentially try additional functions until all keys can be inserted without collision. Therefore, it cannot be guaranteed that a perfect hash will be found within no more than 2 attempts in the second stage.",yes,maybe,"[['neutral'], ['neutral']]",n,n,1
77,823,C,2018,A,A,6,T3/ds18AA-Sol.pdf,1.6,"Bob improved the perfect hash algorithm learned in class (two-level hashing). During the execution of the first part of the algorithm (creating the main table), Bob chose a function h1 and found that the last \(1 + n - \sqrt{n} \) keys he inserted into the main table each went into a ""private"" cell (i.e., without collision). Based on this information, Bob decided not to check the other keys and not to try additional functions in the first stage and to move to execute the second stage. Answer true/false and explain. In expectation, within 2 attempts in the second stage (for each subtable), a perfect hash will be found.",1,g,tested,"בוב הריץ את אלגוריתם perfect hash שנלמד בכיתה (two level hashing). בהרצת החלק הראשון של האלגוריתם (יצירת הטבלה הראשית) בחר בוב פונקציה h1 וגילה ש  sqrt(n) +n + 1-  המפתחות האחרונים שהכניס לטבלה הראשית נכנסו כל אחד לתא ""פרטי"" (כלומר ללא התנגשות). על סמך מידע זה החליט בוב שלא יבדוק את המפתחות האחרים ולא ינסה פונקציות נוספות בשלב הראשון ויעבור לבצוע השלב השני. ענה נכון\לא נכון ונמק. תוך 2 נסיונות בתוחלת בשלב השני (עבור כל טבלת משנה) - ימצא hash מושלם.",נכון. שלב שני מייצר טבלות ריבועיות ולכן עובד בתוחלת בשני נסיונות נתוני השאלה לא השפיעו על זה.,"\textit{Correct. The second stage produces square tables, thus works on average in two attempts. The details of the question did not affect this.}","To represent the solution in LaTeX format:

Bob improved the perfect hash algorithm learned in class (two-level hashing). During the execution of the first part of the algorithm (creating the main table), Bob chose a function \(h_1\) and found that the last \(1 + n - \sqrt{n}\) keys he inserted into the main table each went into a ""private"" cell (i.e., without collision). Based on this information, Bob decided not to check the other keys and not to try additional functions in the first stage and to move to execute the second stage. Answer true/false and explain. In expectation, within 2 attempts in the second stage (for each subtable), a perfect hash will be found.

\[
\text{Answer: True}
\]

Explanation: Since Bob found that the last \(1 + n - \sqrt{n}\) keys each went into a ""private"" cell without collisions, this suggests that the function \(h_1\) he chose produces a nearly perfect hash. With such a low number of collisions, it is highly likely that only a few attempts will be needed in the second stage to find a perfect hash for each subtable. Therefore, in expectation, within 2 attempts in the second stage (for each subtable), a perfect hash will be found.",yes,yes,"[['neutral'], ['neutral']]",n,n,1
78,824,C,2018,A,A,7,T3/ds18AA-Sol.pdf,1.6,"Bob ran the perfect hash algorithm learned in class (two-level hashing). In executing the first part of the algorithm (creating the main table), Bob chose a function $h_1$ and discovered that the last $\1+ n - sqrt{n}$ keys he inserted into the main table each went into a “private” cell (i.e., without collisions). Based on this information, Bob decided not to check the other keys, nor to try additional functions in the first stage, and moved on to execute the second stage. Answer True/False and justify:
The function $h_1$ does not guarantee Bob that the overall size of the structure will be linear in $n$, and therefore, he will not achieve the performance of the two-level hashing (perfect hash) learned in class.",FALSE,g,tested,"בוב הריץ את אלגוריתם perfect hash שנלמד בכיתה (two level hashing). בהרצת החלק הראשון של האלגוריתם (יצירת הטבלה הראשית) בחר בוב פונקציה h1 וגילה ש  sqrt(n) +n + 1-  המפתחות האחרונים שהכניס לטבלה הראשית נכנסו כל אחד לתא ""פרטי"" (כלומר ללא התנגשות). על סמך מידע זה החליט בוב שלא יבדוק את המפתחות האחרים ולא ינסה פונקציות נוספות בשלב הראשון ויעבור לבצוע השלב השני. ענה נכון\לא נכון ונמק. הפונקציה h1 לא מבטיחה לבוב שהגודל הכללי של המבנה יהיה לינארי ב n ולכן לא ישיג את הביצועים של two level hashing) perfect hash) שנלמד בכיתה.","היא כן מבטיחה, מחישוב סכום ריבועי התאים (המקרה הגרוע ביותר שכל שורש N האיברים הנותרים נופלים באותו מקום עדיין לינארי).","\textit{It does promise, by calculating the sum of the squares of the cells (the worst case that all the square root of N remaining elements fall in the same place is still linear).}","\textbf{Solution:}

False. 

Since the last $\lceil 1 + \sqrt{n} \rceil$ keys went into private cells without collisions, this implies that the load factor of the main table is at most $1 - \frac{1}{\sqrt{n}}$. This means that the overall size of the structure will be linear in $n$, and Bob will still achieve the performance of the two-level hashing (perfect hash) learned in class.",yes,yes,"[['contradiction'], ['neutral']]",no,no,1
79,825,C,2018,A,A,8,T3/ds18AA-Sol.pdf,1.6,"Bob implemented the perfect hash algorithm that was taught in class (two level hashing). When running the first part of the algorithm (creating the main table), Bob chose a function \( h_1 \) and discovered that the last \(  n + 1 - \sqrt{n} \) keys he inserted into the main table each went into a ""private"" cell (i.e., without collision). Based on this information, Bob decided not to check the other keys and not to try additional functions in the first stage, and moved on to perform the second stage. Answer true\false and explain. Answer 6 is incorrect. However, within 4 attempts on average in the second stage (for each sub-table) a perfect hash will be found.",FALSE,g,tested,"בוב הריץ את אלגוריתם perfect hash שנלמד בכיתה (two level hashing). בהרצת החלק הראשון של האלגוריתם (יצירת הטבלה הראשית) בחר בוב פונקציה h1 וגילה ש  sqrt(n) +n + 1-  המפתחות האחרונים שהכניס לטבלה הראשית נכנסו כל אחד לתא ""פרטי"" (כלומר ללא התנגשות). על סמך מידע זה החליט בוב שלא יבדוק את המפתחות האחרים ולא ינסה פונקציות נוספות בשלב הראשון ויעבור לבצוע השלב השני. ענה נכון\לא נכון ונמק. תשובה 6 אינה נכונה. אבל תוך 4 נסיונות בתוחלת בשלב השני (עבור כל טבלת משנה) - ימצא hash מושלם.",לא נכון. שלב שני מייצר טבלות ריבועיות ולכן עובד בתוחלת בשני נסיונות נתוני השאלה לא השפיעו על זה.,\textit{Not correct. The second stage produces square tables and therefore works on average in two attempts. The question data did not affect this.},"\textbf{Solution:}

Let's assume that Bob inserted \( m = n + 1 - \sqrt{n} \) keys into the main table without collision. This means that Bob inserted exactly one key into each of the \( m \) ""private"" cells.

In a two-level hashing algorithm, the second stage involves creating sub-tables where collisions occur. Since Bob has already inserted \( m \) keys without collision in the main table, the chances of collision in the sub-tables are reduced.

Now, we need to calculate the probability of finding a perfect hash within 4 attempts on average in the second stage.

In the second stage, for each sub-table with \( m \) keys, the probability of finding a perfect hash within \( k \) attempts is given by:

\[ P(k) = 1 - \left(1 - \frac{1}{m}\right)^k \]

Given that \( m = n + 1 - \sqrt{n} \), we can calculate the average number of attempts required to find a perfect hash in the second stage:

\[ \text{Average number of attempts} = \sum_{k=1}^{\infty} k \cdot P(k) \]

Based on the calculations, it is evident that the statement ""within 4 attempts on average in the second stage (for each sub-table) a perfect hash will be found"" is \textbf{true}. Even though the initial assumption about \( m \) was incorrect, the concept of finding a perfect hash within a small number of attempts in the second stage remains valid.",no,no,"[['contradiction'], ['neutral']]",yes,yes,
80,826,C,2018,A,A,9,T3/ds18AA-Sol.pdf,1.6,"Bob ran the perfect hash algorithm learned in class (two-level hashing). When running the first part of the algorithm (creating the main table), Bob chose a function $h_1$ and found that the last $n + 1 - \sqrt{n}$ keys he inserted into the main table each went into a ""private"" cell (i.e., without collision). Based on this information, Bob decided not to check the other keys or try additional functions in the first step and proceeded to perform the second step. Answer True/False and explain. Within $O(n^2)$ time, it is guaranteed that a perfect hash will be found in the second step.",FALSE,g,tested,"בוב הריץ את אלגוריתם perfect hash שנלמד בכיתה (two level hashing). בהרצת החלק הראשון של האלגוריתם (יצירת הטבלה הראשית) בחר בוב פונקציה h1 וגילה ש  sqrt(n) +n + 1-  המפתחות האחרונים שהכניס לטבלה הראשית נכנסו כל אחד לתא ""פרטי"" (כלומר ללא התנגשות). על סמך מידע זה החליט בוב שלא יבדוק את המפתחות האחרים ולא ינסה פונקציות נוספות בשלב הראשון ויעבור לבצוע השלב השני. ענה נכון\לא נכון ונמק. בזמן O(n^2) מובטח שבשלב השני ימצא hash מושלם.",לא נכון. תאורטית יכול להיות אינסוף נסיונות.,"\textit{Not true. Theoretically, there could be infinite attempts.}","False. 

Explanation: Even if all the last $n + 1 - \sqrt{n}$ keys went into private cells in the main table without collision, this does not guarantee that there will be no collisions in the second step when creating the secondary hash tables. The perfect hash algorithm could still encounter collisions during the second step, which may require additional time and effort to resolve. Therefore, it is not guaranteed that a perfect hash will be found within $O(n^2)$ time in the second step.",yes,maybe,"[['neutral'], ['neutral']]",n,n,1
81,828,C,2018,A,A,11,T3/ds18AA-Sol.pdf,6,"The regular expression

\(ab+a\)

matches any string that starts with the letter a, continues with a series of repetitions of the letter b, and ends with the letter a. For example:

\(abba, aba, abbba\)

match the expression, whereas:

\(abb, bba, bb, bbaa, ab, baa\)

do not match.

Propose an efficient algorithm to check if a string of length \(n\) contains 2 substrings that match the above regular expression and are equal to each other.
What is the runtime of the most efficient algorithm? Circle the best answer.
a. Worst case time - \(O(n)\)
b. Worst case time - \(O(n^2)\)
c. Amortized time - \(O(n)\) and worst case time - \(O(n^2)\)
d. Amortized time - \(O(n \log n)\) and worst case time - \(O(n \log n)\)

Describe the algorithm and justify its runtime.",1,"a,b",tested,"הביטוי הרגולרי

ab+a
מתאים לכל מחרוזת שמתחילה באות a, ממשיכה בסדרה של חזרות של האות b ונגמרת באות a. לדוגמה:

abba, aba, abbba

מתאימים לביטוי ו:

abb, bba, bb, bbaa, ab, baa

לא מתאימים.
הציעו אלגוריתם יעיל ככל האפשר שיבדוק אם מחרוזת באורך n מכילה 2 תתי מחרוזות שמתאימות לביטוי הרגולרי הנ""ל, ושוות זו לזו.
מה הוא זמן הריצה של האלגוריתם היעיל ביותר? הקיפו את התשובה הנכונה ביותר.
א. זמן גרוע ביותר - O(n)
ב. זמן גרוע ביותר - O(n^2)
ג. זמן אמורטיזד - O(n) וזמן גרוע ביותר - O(n^2)
ד. זמן אמורטיזד - O(nlogn) וזמן גרוע ביותר - O(nlogn)

תארו את האלגוריתם, ונמקו את זמני הריצה שלו.","תאור אלגוריתם:
נבנה עץ סייפות למחרוזת באורך n. נטייל בעץ באופן הבא – מהשורש נחפש את האותיות ab. אם לא נמצא מסלול שמתחיל ב ab נחזיר false.
אחריה, נטייל בעץ ונחפש את האתיות b ו a. אם נמצא את האות a, נבדוק אם המשך הקשת שלה מוביל לצומת פנימית, אם כן, נחזיר true. אם לא, או שלא מצאנו את האות a, נמשיך במסלול שמובילה אליו האות b.
נימוק זמן ריצה:
בניית העץ - O(n)
טיול במסלול בעץ שמתחיל ב a ואז כולל רק את סדרת האותיות b – מסלול בעץ באורך לכל היותר O(n) ,
וכל השוואה בו היא לכל היותר (1)O- סכ""ה O(n).
בדיקה בכל שלב במסלול אם קיים פיצול לאות a, ואם הוא מוביל לצומת פנימית –O(1)*n=O(n).","\textbf{Algorithm Description:}  
We build a suffix tree for a string of length \( n \). We traverse the tree as follows – from the root, we look for the letters \( ab \). If we do not find a path starting with \( ab \), we return false.  
After that, we traverse the tree and look for the letters \( b \) and \( a \). If we find the letter \( a \), we check if the continuation of its edge leads to an internal node. If yes, we return true. If not, or if we do not find the letter \( a \), we continue on the path that the letter \( b \) leads to.  

\textbf{Runtime Analysis:}  
Tree construction – \( O(n) \)  
Traversing the path in the tree starting with \( a \) and then including only the series of letters \( b \) – path length in the tree is at most \( O(n) \), and each comparison in it is at most \( O(1) \) – total \( O(n) \).  
Checking at each stage in the path if there is a split for the letter \( a \), and if it leads to an internal node – \( O(1) \times n = O(n) \).","The regular expression \(ab+a\) matches strings starting with 'a', followed by any number of 'b's, and ending with 'a'. 

To check if a string of length \(n\) contains 2 substrings that match the above regular expression and are equal to each other, we can use the following algorithm:

1. Iterate through all possible substrings of length \(k\) where \(2 \leq k \leq n/2\).
2. For each substring of length \(k\), check if it matches the regular expression \(ab+a\).
3. If a matching substring is found, store it in a set.
4. Continue iterating through all possible substrings of length \(k\) and check if any of them are already present in the set. If a match is found, return True.
5. If no matches are found, increase the length of the substring and repeat the process until \(k = n/2\).
6. If no matching substrings are found, return False.

The runtime of this algorithm is \(O(n^2)\) as we are iterating through all possible substrings of varying lengths. In the worst case, we have to check all substrings of length \(2\) to \(n/2\) which results in \(n/2 + n/3 + ... + 2 = O(n^2)\) iterations.

Circle the best answer:
b. Worst case time - \(O(n^2)\)

This is because, even though we have to check all possible substrings of lengths ranging from 2 to n/2, the number of iterations required is quadratic in the worst case scenario.",no,yes,"[['neutral'], ['entailment']]",no,n,0
82,831,C,2018,A,A,13-a,T3/ds18AA-Sol.pdf,4,\textit{Define an easy binary search tree as a binary tree where the following rule holds: each node x is greater than its left child (if it exists) and smaller than its right child (if it exists). Prove or disprove: any sequence of n different numbers can be inserted into an easy binary search tree in O(n) time.},1,e,tested,"נגדיר עץ חיפוש בינארי קל כעץ בינארי בו מתקיים הכלל הבא: כל צומת x גדול מבנו השמאלי (אם קיים) וקטן מבנו הימני (אם קיים).
הוכיחו או הפריכו: ניתן לשכן סדרה כלשהיא של n מספרים שונים בעץ חיפוש בינארי קל בזמן O(n).","כן.
נימוק קצר:
ניתן פשוט להכניס את האיברים לפי הסדר בו הם שמורים ולבנות עץ במבנה של שרוך. כל פעם שמכניסים איבר חדש בודקים אם הוא קטן או גדול מהאיבר הקודם, ובהתאם לכך מחליטים אם הוא בן שמאלי/ימני של האיבר הקודם.","Yes.  
A short explanation:  
You can simply insert the elements in the order in which they are stored and construct a tree in the form of a thread. Each time a new element is inserted, check if it is smaller or larger than the previous element, and accordingly decide if it is the left/right child of the previous element.","To prove whether any sequence of n different numbers can be inserted into an easy binary search tree in O(n) time, we need to consider the worst case scenario.

The worst-case scenario would be if the sequence of numbers is already sorted in either ascending or descending order. In this case, inserting the numbers one by one into the easy binary search tree would result in a linear chain of nodes where each node only has one child. This would essentially create a linked list instead of a binary search tree, with a height of n-1.

Since the height of a binary search tree determines the time complexity of operations such as insertion, the worst-case scenario of O(n) time complexity for inserting n different numbers into an easy binary search tree does not hold true. Therefore, the statement is disproved.

The correct format in LaTeX for this answer is:

\textit{To prove whether any sequence of n different numbers can be inserted into an easy binary search tree in O(n) time, we need to consider the worst case scenario. The worst-case scenario would be if the sequence of numbers is already sorted in either ascending or descending order. In this case, inserting the numbers one by one into the easy binary search tree would result in a linear chain of nodes where each node only has one child. This would essentially create a linked list instead of a binary search tree, with a height of n-1. Since the height of a binary search tree determines the time complexity of operations such as insertion, the worst-case scenario of O(n) time complexity for inserting n different numbers into an easy binary search tree does not hold true. Therefore, the statement is disproved.}",no,yes,"[['neutral'], ['entailment']]",no,no,1
83,834,C,2018,A,A,14-b,T3/ds18AA-Sol.pdf,2,"A sloppy minimum heap is a heap where instead of returning the minimum, it returns one of the k smallest elements in the heap. Additionally, in the delete operation, it deletes the same element that it returned as the approximate minimum.
Is the sequence [7,8,5,6,3,4,1,2,...N,N-1] a possible output of a sloppy heap for k=1?",FALSE,h,tested,"ערימת מינימום מרושלת היא ערימה שבמקום להחזיר את המינימום מחזירה את אחד מבין הk איברים הכי קטנים בערימה. בנוסף בפעולת המחיקה היא מוחקת את אותו איבר שהחזירה כמינימום המקורב.
האם הסדרה  [2,1,4,3,6,5,8,7,...N,N-1] היא פלט אופציונלי של ערימה מרושלת עבור 1=k?","לא, כי כאשר 1 =K הערימה המרושלת היא ערימה רגילה ולכן הפלט צריך להיות ממויין.","\textit{No, because when $K = 1$, the messy heap is a regular heap and therefore the output should be sorted.}","No, the sequence [7,8,5,6,3,4,1,2,...N,N-1] is not a possible output of a sloppy heap for k=1.

\textbf{Proof:}

A sloppy minimum heap must return one of the k smallest elements in the heap, where k is a positive integer. In this case, k=1.

Let's consider the sequence [7,8,5,6,3,4,1,2,...N,N-1]. 

The approximate minimum of this sequence is 1. If this sequence is indeed a possible output of a sloppy heap for k=1, then after deleting the approximate minimum (1), the remaining elements should form a valid heap where the minimum element is one of the k smallest elements.

After deleting 1, the remaining elements in the sequence are [7,8,5,6,3,4,2,...N,N-1]. 

The minimum of these remaining elements is 2, which is not equal to the approximate minimum that was deleted. Therefore, the sequence [7,8,5,6,3,4,1,2,...N,N-1] cannot be a possible output of a sloppy heap for k=1.

Hence, the sequence [7,8,5,6,3,4,1,2,...N,N-1] is not a possible output of a sloppy heap for k=1.",yes,yes,"[['neutral'], ['entailment']]",yes,yes,1
84,837,C,2018,A,A,14-e,T3/ds18AA-Sol.pdf,4,"A lazy minimum heap is a heap that instead of returning the minimum returns one of the k smallest elements in the heap. Additionally, in the delete operation, it deletes the same element that was returned as the approximate minimum. Prove or disprove the following claim:
For \( k=2 \), it is possible to implement a lazy heap such that all operations take \( O(1) \) amortized time.",FALSE,"b,h",tested,"ערימת מינימום מרושלת היא ערימה שבמקום להחזיר את המינימום מחזירה את אחד מבין הk איברים הכי קטנים בערימה. בנוסף בפעולת המחיקה היא מוחקת את אותו איבר שהחזירה כמינימום המקורב. הוכיחו או הפריכו את הטענה הבאה:
עבור 2=k ניתן לממש ערימה מרושלת כך שכל הפעולות לוקחות O(1) amortized זמן.","לא ניתן. אם היה ניתן היינו מגיעים לסתירה לחסם התחתון של מיון.
נבצע רדוקציה מבעיית המיון – נכניס את n האיברים אותם אנחנו רוצים למיין לערימה מרושלת, וכעת נמצא את המינימום המקורב ונמחק אותו. נבצע זאת n פעמים. ניקח את הסדרה שקיבלנו ונשים לב שיש בה n הפרות סדר לכל היותר ולכן ניתן עכשיו לבצע מיון הכנסות בזמן לינארי ולקבל את הסדרה ממויינת.","\textit{Not possible. If it were possible, we would reach a contradiction to the sorting lower bound. We will perform a reduction from the sorting problem - we will insert the \( n \) elements we want to sort into a sloppy heap, and now find the approximate minimum and remove it. We will do this \( n \) times. We will take the sequence we obtained and note that it has at most \( n \) disorder violations, so now it is possible to perform insertion sort in linear time and obtain the sorted sequence.}","To prove or disprove the claim for \( k=2 \), we need to analyze the complexities of the insert and delete operations in a lazy minimum heap with \( k=2 \).

Let's consider the insert operation first. When inserting an element into a lazy heap with \( k=2 \), we need to compare the element with the current approximate minimum and update it if necessary. This comparison and update step will take constant time since we are only comparing two elements. Therefore, the insert operation in a lazy heap with \( k=2 \) takes \( O(1) \) amortized time.

Next, let's consider the delete operation. In a lazy heap with \( k=2 \), when deleting an element, we need to first find the element in the heap and then delete it. Finding the element will require traversing the heap, which can take up to \( O(n) \) time in the worst case, where \( n \) is the number of elements in the heap. However, since we are dealing with amortized time complexity, we can use a lazy deletion technique to speed up the search process. This technique involves marking the element as deleted instead of actually removing it from the heap. Then, during subsequent operations, we can remove the marked elements in a lazy manner.

Therefore, with lazy deletion, the delete operation in a lazy heap with \( k=2 \) can be implemented to take amortized \( O(1) \) time. 

In conclusion, it is possible to implement a lazy heap with \( k=2 \) such that all operations take \( O(1) \) amortized time.",no,yes,"[['contradiction'], ['neutral']]",yes,yes,1
85,839,B,2018,A,A,15-b,T3/ds18AA-Sol.pdf,2,"\begin{quote}
In the following section, the initialization time and space complexity is O(1), and the space complexity at any given moment is O of the number of elements in the data structure. Describe how a vector of length m can be represented to support insertion at position i, reading from position i, and deletion at position i in O(\log m) worst-case time for each operation.
\end{quote}",na,"a,f",tested,"בסעיף הבא, סיבוכיות זמן ומקום האיתחול הוא (1)O, וסיבוכיות המקום בכל רגע נתון הוא O של מספר האיברים במבנה הנתונים.
תאר כיצד ניתן לייצג וקטור באורך m שתומך בפעולות הכנסה למקום i , קריאה מהמקום i , ומחיקה מהמקום הi בזמן O(logm) במקרה הגרוע לכל פעולה.","מבנה נתונים מרכזי: עץ AVL. תיאור קצר:
הkey של איבר יהיה האינדקס i, והvalue יהיה תוכן הוקטור באינדקס i.","\textbf{Central Data Structure: AVL Tree. Short Description:} The key of an element will be the index \( i \), and the value will be the content of the vector at index \( i \).","To represent a vector of length m to support insertion at position i, reading from position i, and deletion at position i in O(\log m) worst-case time for each operation, we can use a data structure called a \textit{van Emde Boas tree}.

A van Emde Boas tree is a data structure that supports the operations of insertion, reading, and deletion in O(\log \log m) time, where m is the maximum value in the universe of keys. By using a van Emde Boas tree to store the indices of the vector, we can achieve the desired time complexity for each operation.

Specifically, we can store the indices of the vector in a van Emde Boas tree, where the universe size is m. When inserting at position i, we insert the index i into the van Emde Boas tree in O(\log \log m) time. Similarly, when reading from position i, we can check if index i is present in the van Emde Boas tree in O(\log \log m) time. Finally, when deleting at position i, we can remove index i from the van Emde Boas tree in O(\log \log m) time.

Therefore, by using a van Emde Boas tree to represent a vector of length m, we can achieve insertion, reading, and deletion at position i in O(\log m) worst-case time for each operation.",maybe yes,yes,"[['neutral'], ['entailment']]",yes,n,0
86,840,B,2018,A,A,15-c,T3/ds18AA-Sol.pdf,3,"\textbf{In the following section, the time and space complexity of initialization is \(O(1)\), and the space complexity at any given moment is \(O\) of the number of elements in the data structure. Describe how a matrix of size \(m \times m\) can be represented, supporting the operations of insertion at position \((i,j)\), reading from position \((i,j)\), and deletion from position \((i,j)\), in \(O(\log m)\) worst-case time for each operation.}",na,"a,f",tested,"בסעיף הבא, סיבוכיות זמן ומקום האיתחול הוא (1)O, וסיבוכיות המקום בכל רגע נתון הוא O של מספר האיברים במבנה הנתונים. תאר כיצד ניתן לייצג מטריצה בגודל m × m שתומך בפעולות הכנסה למקום ה(i,j), קריאה מהמקום ה(i,j), ומחיקה מהמקום ה(i,j), בזמן O(logm) במקרה הגרוע לכל פעולה.","מבנה נתונים מרכזי: עץ AVL. תיאור קצר:
הkey יהיה הזוג (i,j) כאשר ההשוואה בין מפתחות תהיה לקסיקוגרפית (משווים את i, ואם יש תיקו משווים את j).
הvalue יהיה תוכן המטריצה במקום ה(i,j).
","\textbf{Central Data Structure:} AVL Tree. \textbf{Brief Description:}
The key will be the pair (i,j) where the comparison between keys will be lexicographic (compare i, and if there is a tie, compare j).
The value will be the content of the matrix at position (i,j).","\textbf{Solution:}

To represent a matrix of size \(m \times m\) in a data structure that supports insertion, reading, and deletion in \(O(\log m)\) worst-case time for each operation, we can use a binary search tree (BST) with a modified Balanced Binary Search Tree such as an AVL Tree or Red-Black Tree.

Each node in the BST will represent a row of the matrix, where the key of the node will be the row number. Each node will have a pointer to another BST or sorted linked list that represents the columns in that row. This inner BST or sorted linked list will have keys representing the column numbers.

Insertion:

To insert an element at position \((i, j)\), we first find the node representing row \(i\) in the outer BST. Then, we perform an insertion operation in the inner BST or sorted linked list of that node at column \(j\). Both of these operations take \(O(\log m)\) time in a balanced BST.

Reading:

To read from position \((i, j)\), we find the node representing row \(i\) in the outer BST, and then search for column \(j\) in the inner BST or sorted linked list of that node. Both of these operations take \(O(\log m)\) time in a balanced BST.

Deletion:

To delete from position \((i, j)\), we follow the same steps as in reading, locate the node representing row \(i\), and then delete column \(j\) from the inner BST or sorted linked list of that node. Both of these operations take \(O(\log m)\) time in a balanced BST.

Therefore, by using a modified Balanced Binary Search Tree to represent the matrix, we can achieve \(O(\log m)\) worst-case time complexity for insertion, reading, and deletion operations at any given position in the matrix.",maybe yes,yes,"[['neutral'], ['entailment']]",yes,n,0
87,842,B,2018,A,A,16-a,T3/ds18AA-Sol.pdf,2,"\text{Describe an implementation of a data structure with the following operations (x is a key):}

\text{Insert(x) - in amortized time \(O(\log n)\).}

\text{Search(x) - in amortized time \(O(\log n)\).}

\text{Delete(x) - in amortized time \(O(\log n)\).}",na,"b,p",tested,"תאר מימוש של מבנה נתונים עם הפעולות הבאות (x הוא מפתח):
 Insert(x) - בזמן אמורטייזד O(logn).
 Search(x) - בזמן אמורטייזד O(logn).
Delete(x) - בזמן אמורטייזד O(logn).
","מבנה נתונים מרכזי: עץ AVL. תיאור קצר: נשתמש בפעולות הרגילות של עץ AVL.
הסבר לסיבוכיות: כל הפעולות הן בזמן הגרוע ב O(logn), ולכן בפרט באמורטייזד ישירות מההגדרה של אמורטייזד.","\textbf{Central Data Structure:} AVL Tree. \textbf{Brief Description:} We will use the standard operations of an AVL tree. \textbf{Complexity Explanation:} All operations are in worst-case in \(O(\log n)\), and therefore, in particular, amortized directly from the definition of amortized.","To achieve these time complexities, we can use a data structure called a balanced binary search tree, specifically an AVL tree.

An AVL tree is a self-balancing binary search tree where the heights of the two child subtrees of any node differ by at most one. This balancing property ensures that the tree remains relatively balanced and allows for efficient Insert, Search, and Delete operations.

The Insert operation in an AVL tree has an amortized time complexity of \(O(\log n)\). When inserting a new node, the tree may become unbalanced, but we can rebalance it using rotations in \(O(\log n)\) time.

Similarly, the Search operation in an AVL tree has an amortized time complexity of \(O(\log n)\). We can traverse the tree in a similar manner to a regular binary search tree, but the AVL balancing property guarantees that the height of the tree is \(O(\log n)\).

Finally, the Delete operation in an AVL tree also has an amortized time complexity of \(O(\log n\)). When deleting a node, we may need to rebalance the tree using rotations, which can be done in \(O(\log n)\) time.

Overall, an AVL tree provides a data structure that supports Insert, Search, and Delete operations in amortized time complexities of \(O(\log n)\).",yes,yes,"[['contradiction'], ['entailment']]",no,yes,0
88,843,B,2018,A,A,16-b,T3/ds18AA-Sol.pdf,2,"\begin{quote}
Describe an implementation of a data structure with the following operations (x is a key):
\begin{itemize}
    \item Insert(x) - in amortized time $O(\log n)$.
    \item Search(x) - in amortized time $O(\log n)$.
    \item Delete(x) - in amortized time $O(1)$.
\end{itemize}
\end{quote}",na,"b,p",tested,"תאר מימוש של מבנה נתונים עם הפעולות הבאות (x הוא מפתח):
 Insert(x) - בזמן אמורטייזד O(logn).
 Search(x) - בזמן אמורטייזד O(logn).
Delete(x) - בזמן אמורטייזד (1)O.","מבנה נתונים מרכזי: עץ AVL. תיאור קצר: נשתמש בפעולות הרגילות של עץ AVL.
הסבר לסיבוכיות: בשיטת הבנק - בזמן הכנסה ((x(insert), נכניס את האיבר, ובנוסף נשאיר לו logn מטבעות בשביל המחיקה שלו.","\textbf{Central Data Structure:} AVL Tree. \textbf{Brief Description:} We will use the standard operations of an AVL tree. \textbf{Explanation for Complexity:} In the banker's method - at the time of insertion \((x(\text{insert})\), we insert the element, and additionally leave \(\log n\) coins for its deletion.","To implement a data structure with the provided requirements, we can use a combination of a balanced binary search tree with a hash table.

The basic idea is to have a balanced binary search tree (such as AVL, Red-Black, or Splay tree) to maintain the sorted order of the keys and support Insert(x) and Search(x) operations in amortized $O(\log n)$ time. In addition to the binary search tree, we also use a hash table to provide quick access to the nodes in the binary search tree.

Here's how the operations can be implemented:

1. Insert(x):
   - Insert the key x into the binary search tree. This operation will take $O(\log n)$ time due to the balanced nature of the tree.
   - Add the node with key x to the hash table with a constant time operation.

2. Search(x):
   - Search for the key x in the hash table to get the corresponding node in the binary search tree.
   - Perform a search in the binary search tree for the key x. This operation will also take $O(\log n)$ time due to the balanced nature of the tree.

3. Delete(x):
   - Search for the key x in the hash table to get the corresponding node in the binary search tree.
   - Remove the node with key x from the binary search tree. Since we have a reference to the node obtained from the hash table, this operation can be done in $O(1)$ time.
   - Delete the entry for key x from the hash table using a constant time operation.

By combining a balanced binary search tree with a hash table, we can achieve the desired time complexities for the Insert, Search, and Delete operations.",no,maybe,"[['neutral'], ['entailment']]",no,no,1
89,844,B,2018,A,A,16-c,T3/ds18AA-Sol.pdf,7,"\textit{Describe an implementation of a data structure with the following operations (x is a key):} \\
Insert(x) - \textit{in amortized time} $O(\log n)$. \\
Search(x) - \textit{in amortized time} $O(\log n)$. \\
Delete(x) - \textit{in amortized time} $O(1)$ \textit{and also in worst-case time} $O(1)$.",na,"a,b,p",tested,"תאר מימוש של מבנה נתונים עם הפעולות הבאות (x הוא מפתח):
 Insert(x) - בזמן אמורטייזד O(logn).
 Search(x) - בזמן אמורטייזד O(logn).
Delete(x) - בזמן אמורטייזד (1)O וגם במקרה הגרוע ביותר (1)O.","מבנה נתונים מרכזי: עץ AVL. מבנה נתונים משני: רשימה מקושרת. סיבוכיות במקרה הגרוע של insert הוא O(nlogn). סיבוכיות במקרה הגרוע של search הוא O(nlogn). פיתרון:
בזמן האתחול נאתחל עץ AVL ורשימה מקושרת.
בזמן מחיקה, נכניס את x לתחילת הרשימה המקושרת.
בזמן חיפוש/הכנסה, לפני ביצוע הפעולה עצמה, נעבור על כל הרשימה המקושרת ונמחק איבר איבר.
לאחר שרוקנו את הרשימה נבצע את הפעולה עצמה (חיפוש/הכנסה).
ניתוח האמורטייזד בשיטת הבנק - בזמן הכנסה ((x(insert), נכניס את האיבר, ובנוסף נשאיר לו logn מטבעות בשביל המחיקה שלו.","\textbf{Central Data Structure:} AVL Tree. \textbf{Secondary Data Structure:} Linked List. The worst-case complexity of insert is \(O(n \log n)\). The worst-case complexity of search is \(O(n \log n)\). \textbf{Solution:}  
During initialization, we will initialize an AVL tree and a linked list.  
During deletion, we will insert \(x\) at the beginning of the linked list.  
During search/insert, before performing the actual operation, we will traverse the entire linked list and delete element by element.  
After emptying the list, we will perform the actual operation (search/insert).  
Amortized analysis using the banker's method - at the time of insertion \((x\text{, insert})\), we will insert the element and also leave it with \(\log n\) coins for its deletion.","To implement a data structure with the specified operations, we can use a combination of a balanced binary search tree (such as AVL tree or Red-Black tree) and a hash table.

Here is the implementation in latex format:

\begin{itemize}
    \item \textbf{Insert(x):} \\
    Insert the key x into the hash table in $O(1)$ time. Then, insert the key x into the binary search tree. Since the tree is balanced, the insertion operation takes $O(\log n)$ time in amortized sense.
    
    \item \textbf{Search(x):} \\
    First, search for the key x in the hash table which takes $O(1)$ time. If the key is found, return it. Otherwise, search for the key in the binary search tree which also takes $O(\log n)$ time in amortized sense.
    
    \item \textbf{Delete(x):} \\
    First, delete the key x from the hash table in $O(1)$ time. Then, delete the key x from the binary search tree. To achieve $O(1)$ time complexity, make sure to keep track of the parent node during insertion. This way, deletion can be done in $O(1)$ time by replacing the node to be deleted with its predecessor/successor and updating the necessary pointers. This operation can be done in worst-case $O(\log n)$ time as well to maintain the balance of the tree.
\end{itemize}",maybe no,yes,"[['contradiction'], ['neutral']]",yes,n,0
90,847,B,2017,A,B,1-c,T3/ds17AB-sol.pdf,6.25,Two AVL trees of size \( n \) each are given. Can they be merged in \( O(n) \) time? Prove using an algorithm or disprove.,na,f,tested,נתונים שני עצי AVL בגודל n כל אחד. האם ניתן למזגם בזמן O(n)? הוכח באמצעות אלגוריתם או הפרך.,"הוכחה. נבצע in order walk על כל אחד מהעצים ונקבל שני מערכים ממוינים של איבריהם. נבצע merge sort לקבלת מערך ממויך יחיד. נבנה ממנו עץ מאוזן באופן הבא: החציון יהיה השורש, הסטטיסטי סדר ה-1/4 וה-3/4 יהיו הבן השמאלי והימני של השורש בהתאמה, וכן הלאה.","\textbf{Proof.} Perform an in-order walk on each of the trees and obtain two sorted arrays of their elements. Perform a merge sort to obtain a single sorted array. Construct a balanced tree from it as follows: the median will be the root, the 1/4 and 3/4 order statistics will be the left and right child of the root respectively, and so on.","To merge two AVL trees of size \( n \) each in \( O(n) \) time, we can perform the following steps:

1. Convert the first AVL tree into a sorted array in \( O(n) \) time using an in-order traversal.
2. Convert the second AVL tree into a sorted array in \( O(n) \) time using an in-order traversal.
3. Merge the two sorted arrays into a single sorted array in \( O(n) \) time.
4. Construct a new AVL tree from the merged sorted array in \( O(n) \) time.

Since each step can be done in linear time, the overall time complexity of merging two AVL trees of size \( n \) each is also \( O(n) \).

Therefore, it is possible to merge two AVL trees of size \( n \) each in \( O(n) \) time.

\[\boxed{\text{Hence, it is possible to merge two AVL trees of size } n \text{ each in } O(n) \text{ time.}}\]",yes,yes,"[['neutral'], ['entailment']]",yes,n,0
