,question_type,has_solution,exam_year,semester,moed,question_number,url,data_resource,points,question_translation_latex,multiple_choice_answer,answer_translation_latex,number_of_possible_answers,topics_covered,dataset,translated_separately,should_translate,question_id,comments,is_relevant,chat_answer_new
62,A,TRUE,2003,a,a,11.a,https://docs.google.com/document/d/1uYfTozVQ7fEkuWRJr2g7R7ZqkkAKm4Jd,TAU,7,"```latex
\documentclass{article}
\usepackage[utf8]{inputenc}

\begin{document}

Given \( n \) points in the plane. Each point is represented by an ordered pair \( (x, y) \) (the point \( (5, 6) \) is different from the point \( (6, 5) \)). Propose a data structure that supports the following operations:
\begin{itemize}
    \item \texttt{Insert(x, y)} – Adds the point \( (x, y) \) to the structure.
    \item \texttt{Delete(x, y)} – Removes the point \( (x, y) \) from the structure if it was present. Otherwise, does nothing.
    \item \texttt{Member(x, y)} – Returns \texttt{True} if the point \( (x, y) \) is in the structure. Otherwise, returns \texttt{False}.
\end{itemize}

The worst-case complexity of all the above operations should be \( O(\log n) \).

\end{document}
```",na,"We will use a 2-3 tree such that in each node we will hold the value (x) and another 2-3 tree that consists all the points with the same x, such that the key is the y of the point. The x value will appear in the tree only if their exists points with the x value. For multiply points with the same values we can add a counter or multiply values to the tree inside the node. Insert: Search in 2-3 tree by x and a node to the 2-3 tree inside the node if exists, else add a tree inside the node and add a node to this tree that holds the y value - O(logn) in total. delete: Search in 2-3 tree by x and searching in the tree inside the node found and deleting, if we removed the last node in the tree inside the node we remove the node that consists the tree - O(logn) in total. member: Search in 2-3 tree by x and in the tree inside the node as well - O(logn) complexity.",na,na,tested,1,,,,TRUE,"```latex
\documentclass{article}
\usepackage[utf8]{inputenc}

\begin{document}

Given \( n \) points in the plane. Each point is represented by an ordered pair \( (x, y) \) (the point \( (5, 6) \) is different from the point \( (6, 5) \)). Propose a data structure that supports the following operations:
\begin{itemize}
    \item \texttt{Insert(x, y)} – Adds the point \( (x, y) \) to the structure.
    \item \texttt{Delete(x, y)} – Removes the point \( (x, y) \) from the structure if it was present. Otherwise, does nothing.
    \item \texttt{Member(x, y)} – Returns \texttt{True} if the point \( (x, y) \) is in the structure. Otherwise, returns \texttt{False}.
\end{itemize}

The worst-case complexity of all the above operations should be \( O(\log n) \).

\end{document}
```"
99,A,TRUE,2004,a,a,12,https://docs.google.com/document/d/1XDB0oWMfvAxlym7XTAow0iF4PbwLN3qE,TAU,5,"```latex
\documentclass{article}
\usepackage[utf8]{inputenc}

\begin{document}

Given $n$ distinct and sorted keys. Describe an efficient data structure that maintains these keys (assume the structure is already built, i.e., the cost of building it is not important) and supports the operation $\text{find\_delete}(\text{key})$ which receives a key and returns \texttt{false} if the key is not in the structure. If it is in the structure, the operation returns \texttt{true} and removes it from the structure. Required cost: $O(\log n)$ for the operation $\text{find\_delete}(\text{key})$.

\end{document}
```

This LaTeX snippet provides an English translation of your text and is formatted to be compiled within the LaTeX typesetting system.",na,"```latex
\section*{Description of the Structure:}

A balanced search tree.

\section*{Complexity of the Operation – Explain:}

Finding an element in the tree, as well as deleting it, both have a time complexity of $O(\log n)$.
```",na,na,tested,1,,,,TRUE,"\documentclass{article}
\usepackage[utf8]{inputenc}

\begin{document}

Given $n$ distinct and sorted keys. Describe an efficient data structure that maintains these keys (assume the structure is already built, i.e., the cost of building it is not important) and supports the operation $\text{find\_delete}(\text{key})$ which receives a key and returns \texttt{false} if the key is not in the structure. If it is in the structure, the operation returns \texttt{true} and removes it from the structure. Required cost: $O(\log n)$ for the operation $\text{find\_delete}(\text{key})$.

\end{document}"
121,A,TRUE,2005,a,a,8.I,https://docs.google.com/document/d/1Ze9Vu1t-M8eGfSRY5m6GdpbIz9KUxnzN,TAU,15,"```latex
\documentclass{article}
\usepackage[utf8]{inputenc}

\begin{document}

Describe a data structure that maintains a set of points in the plane, where each point $p_i$ is represented as a pair of numbers $(x_i, y_i)$. The data structure should support the operations $\text{insert}(x, y)$, $\text{delete}(x, y)$, and $\text{find}(x, y)$ in worst-case time $O(\log n)$, and also support the operation $\text{CountPointsAtDistance}(d_1, d_2)$, which performs the following operation: Given two numbers $d_1, d_2$, the operation returns the number of points in the structure whose distance from the origin is greater than $d_1$ and less than $d_2$. (Recall that the distance of a point $(x, y)$ from the origin is $(x^2 + y^2)^{0.5}$). 

The operation $\text{CountPointsAtDistance}(d_1, d_2)$ should be performed with the lowest possible complexity.

\end{document}
```",na,"```latex
A balanced search tree (e.g., 2-3 tree or AVL) where the key is the distance \( d \). Under each leaf, a 2-3 tree is maintained with corresponding keys \((x,y)\) in lexicographic order. The main tree is constructed as an order-statistic tree, where each node maintains the number of keys in its subtree. How is the operation `CountPointsAtDistance` implemented, and what is its complexity:

1. Find the farthest point from the origin whose distance is less than \( d_2 \).
2. Compute its order statistic: \( a \).
3. Find the nearest point to the origin whose distance is greater than \( d_2 \).
4. Compute its order statistic: \( b \).
5. Return \( a-b+1 \).

Each of the above operations is performed in \( O(\log n) \) worst-case time. Therefore, this is the runtime of the operation.
```",na,na,tested,1,,,,TRUE,"\documentclass{article}
\usepackage[utf8]{inputenc}

\begin{document}

Describe a data structure that maintains a set of points in the plane, where each point $p_i$ is represented as a pair of numbers $(x_i, y_i)$. The data structure should support the operations $\text{insert}(x, y)$, $\text{delete}(x, y)$, and $\text{find}(x, y)$ in worst-case time $O(\log n)$, and also support the operation $\text{CountPointsAtDistance}(d_1, d_2)$, which performs the following operation: Given two numbers $d_1, d_2$, the operation returns the number of points in the structure whose distance from the origin is greater than $d_1$ and less than $d_2$. (Recall that the distance of a point $(x, y)$ from the origin is $(x^2 + y^2)^{0.5}$). 

The operation $\text{CountPointsAtDistance}(d_1, d_2)$ should be performed with the lowest possible complexity.

\end{document}"
164,A,TRUE,2006,b,b,7.b,https://docs.google.com/document/d/1KYPVPcemr20Z7bG9QDBCTCrVsMuMWnyH,TAU,11,"```latex
Given \( n \) segments on the line (each segment is given by start and end points). For simplicity, assume that all \( 2n \) points are distinct from each other.

A segment will be called ""centric"" if there are at least \( n/4 \) segments that start before it (their start point is to the left of its start point) and also at least \( n/4 \) segments that end after it (their end point is to the right of its end point). Propose a dynamic data structure that allows for Insert and Delete of segments on the line in \( O(\log n) \) worst-case time and also supports the operation IsCentric(p), which receives a pointer to a segment in the structure and answers whether the segment is centric, in \( O(1) \) worst-case time.
```",na,"```latex
\documentclass{article}
\usepackage[utf8]{inputenc}

\begin{document}

Description of the structure: A balanced tree containing all the starting points, also used for finding order-statistic as we learned in class by maintaining the number of descendants for each node. Another such tree contains the ending points.

In the tree of starting points, there will be a pointer \( p_1 \) to the node representing the element of size \( \frac{n}{4} \).

In the tree of ending points, there will be a pointer \( p_2 \) to the node representing the element of size \( \frac{3n}{4} \).

\textbf{Implementation of Insert Operation and Analysis of Runtime:}

Insert the starting point of the segment into the first tree and update the number of descendants in each node as we learned in class. Additionally, search for the element of size \( \frac{n}{4} \) in the tree and update the pointer \( p_1 \).

Similarly, for the endpoint and the second tree, update pointer \( p_2 \).

Inserting into an order-statistic tree takes \( O(\log n) \) as we learned in class, and the same time is required to find the appropriate element.

Total: \( 2 \times 2 \times O(\log n) = O(\log n) \) runtime.

\textbf{Implementation of Delete Operation and Analysis of Runtime:}

Similar to Insert, delete the starting point value from the first tree and update \( p_1 \). Do the same for the second tree.

\textbf{Implementation of IsCentric Operation and Analysis of Runtime:}

Check if the starting point value of the given segment is greater than \( p_1 \) and smaller than \( p_2 \). Time: \( O(1) \), as it involves performing only 2 comparisons.

\end{document}
```

Note that this text is formatted to be used with LaTeX typesetting. Make sure you compile this with a LaTeX editor to view the formatted document.",na,na,tested,1,,,,TRUE,"To solve this problem, we can utilize an augmented balanced binary search tree (such as Red-Black tree or AVL tree) to store the segments based on their start and end points. Additionally, we can store the number of segments to the left and right of each node in the tree.

Let's define the structure of each node in the augmented tree:

```latex
struct Node {
    Segment segment;
    Node* left;
    Node* right;
    int leftCount;
    int rightCount;
};
```

Now, we can define the operations for the dynamic data structure:

1. **Insert(segment):** To insert a segment, we perform a standard insertion operation in the binary search tree. While inserting the segment, we update the `leftCount` and `rightCount` values for each node in the path from the root to the inserted node. This updating process takes \( O(\log n) \) time.

2. **Delete(segment):** Similar to the insertion operation, we perform a standard deletion operation in the binary search tree. While deleting the segment, we update the `leftCount` and `rightCount` values for each node in the path from the root to the deleted node. This updating process also takes \( O(\log n) \) time.

3. **IsCentric(p):** Given a pointer to a segment \( p \), we can check if the segment is centric by examining the `leftCount` and `rightCount` values of the node corresponding to segment \( p \). If the conditions for a segment to be centric are satisfied (\( n/4 \) segments to the left and right), then we return true, otherwise false. This check operation takes \( O(1) \) time.

With this dynamic data structure, we can achieve insertion and deletion operations in \( O(\log n) \) worst-case time complexity, and the IsCentric operation in \( O(1) \) worst-case time complexity."
165,A,TRUE,2006,b,b,8.a,https://docs.google.com/document/d/1KYPVPcemr20Z7bG9QDBCTCrVsMuMWnyH,TAU,12,"```latex
We will implement a data structure representing a collection of disjoint sets and supporting the following operations:

\textbf{Makeset(x):} Given an element \( x \), constructs and returns a set containing only the element \( x \).

\textbf{Union(s1, s2):} Given two sets \( s_1 \) and \( s_2 \), returns a set which is the union of \( s_1 \) and \( s_2 \). The sets \( s_1 \) and \( s_2 \) do not exist after performing the operation.

\textbf{Find(z):} Given a pointer to a node representing the element \( z \), returns the set containing \( z \). (Note – we assume the pointer directly refers to the node representing \( z \))

Each set is represented by a tree. In every node of the tree, there is an element and a pointer to its parent in the tree. The size of the set is also stored in the root of the tree. The root of the tree serves as the ""representative"" of the set. For example: the tree

represents the set \(\{x, y, z, w, u\}\) with a size of 5.

The implementation of \textbf{Makeset} allocates a new node that forms a new tree. In the root, we store the element \( x \), and the size, which is 1.

The implementation of \textbf{Union(s1, s2)} is done by making the root of the smaller set a child of the root of the larger set. Additionally, we update the size of the root in the larger set to be the sum of the sizes of both sets.

The implementation of \textbf{Find(z)} is executed by progressing from node \( z \) according to the parent pointers up to the root and returning the root. 

What is the time complexity bound in the worst case for each operation? Prove your answer.
```",na,"Here is the translation of the provided text into English in LaTeX format:

```latex
At the end of each stage in the recursion, the Pivot is in the correct position, and therefore there will be at most \(n\) recursive calls, each taking \(O(n)\) time. Thus, there is no case that requires more than \(O(n^2)\) comparisons. This is a tight bound because at this depth, for example, is a leaf corresponding to a sorted array or a reverse-sorted array. Makeset and Union will take \(O(1)\) because their implementation does not depend on the number of elements in the set. Find will take \(O(\log n)\), where \(n\) is the number of times the Makeset operation was called.

Proof: The time complexity of Find(x) is the depth of the node representing \(x\). Each time the root of the tree to which \(x\) belongs is updated, the size of the group (the new tree) to which it belongs grows by at least a factor of 2. Therefore, if the root of \(x\) is updated \(O(\log n)\) times, there are at least \(O(n)\) elements in the set. In other words: in a group of \(n\) elements, the depth of a leaf in the tree cannot be more than \(O(\log n)\).

See also Cormen, Volume II, page 61, for a similar explanation we learned in class regarding linked lists.
```",na,na,tested,1,,,,TRUE,"The time complexity bounds in the worst case for each operation are as follows:

1. \textbf{Makeset(x):} The time complexity of the Makeset operation is \(O(1)\) as it involves only allocating a new node and setting its values (element and size).

2. \textbf{Union(s1, s2):} The time complexity of the Union operation is \(O(\log n)\), where \(n\) is the total number of elements in the sets being merged. This can be proved by considering the worst case scenario where the two sets being merged have the same number of elements. In this case, the height of the resulting tree after the union is incremented by 1, leading to a removal of one level. Since the height of a tree with \(n\) nodes is \(O(\log n)\), the time complexity of union is \(O(\log n)\).

3. \textbf{Find(z):} The time complexity of the Find operation is \(O(\log n)\), where \(n\) is the number of elements in the set containing \(z\). This can be proven by noting that in the worst case scenario, the find operation reaches the root of the tree representing the set containing \(z\) after traversing \(O(\log n)\) nodes.

Therefore, the time complexity bounds for each operation in the worst case are as follows:
- Makeset(x): \(O(1)\)
- Union(s1, s2): \(O(\log n)\)
- Find(z): \(O(\log n)\)"
520,A,TRUE,2017,b,b,1-a,T3/ds17BB sol 85(vaad).pdf,TAU,6,"```latex
In this question, we are given a data structure \( S \) that maintains two sets of numbers \( A \) and \( B \), and we will consider data structures supporting some or all of the following operations:
- \textbf{Init} – initializes \( A \) and \( B \) to be empty sets.
- \textbf{InsertA(x)} – adds the number \( x \) to \( A \).
- \textbf{DeleteA(x)} – removes the number \( x \) from \( A \) (assume \( x \) is in \( A \) before the operation; a pointer to \( x \) is given as input).
- \textbf{InsertB(x)} – adds the number \( x \) to \( B \).
- \textbf{DeleteB(x)} – removes the number \( x \) from \( B \) (assume \( x \) is in \( B \) before the operation; a pointer to \( x \) is given as input).
- \textbf{DoesIntersect} – returns ""yes"" if \( A \) and \( B \) have a non-empty intersection, i.e., there is a number present in both; returns ""no"" if the intersection is empty.

In all sections, \( n \) is defined as \( n=|A|+|B| \) (the sum of the sizes of the sets) at this moment.

1. Describe a deterministic data structure that supports the operations \textbf{InsertA}, \textbf{InsertB}, \textbf{DeleteA}, \textbf{DeleteB}, and \textbf{DoesIntersect}. The runtime of each of these operations should be \( O(\log n) \) in the worst case.
```

",na,"(Refers to an AVL tree. Balancing tree B and balancing tree C.)
Init: Create a new tree with a root containing element M.

Insert:
We will insert the elements from B-1 (left part of B),
the elements from A-1,
the root of A (M),
the elements from A-2,
the elements from B-2 (right part of B),
and the elements from C-2.

Insertion in an AVL tree: Insert the element
in O(log n) time.

Delete:
We will search for the element we want to delete.
Delete the node containing the element from the tree.

Special case: If this node was the root of B,
create the next root for the tree from C.

Deletion time: O(log n).",,na,tested,,,,hand-written answer exists,TRUE,"To create a data structure that supports the operations InsertA, InsertB, DeleteA, DeleteB, and DoesIntersect with a runtime of \( O(\log n) \) in the worst case, we can use a combination of balanced binary search trees. Let's use two balanced binary search trees, one to store the elements of set A and another to store the elements of set B. Additionally, we can maintain a list of all elements present in both sets for quick intersection checking.

The operations can be implemented as follows:

1. \textbf{Init} - Initialize two empty balanced binary search trees and an empty list for the intersection.

2. \textbf{InsertA(x)} - Insert the element \( x \) into the binary search tree for set A. Update the intersection list if the element is also present in set B.

3. \textbf{InsertB(x)} - Insert the element \( x \) into the binary search tree for set B. Update the intersection list if the element is also present in set A.

4. \textbf{DeleteA(x)} - Delete the element \( x \) from the binary search tree for set A. Update the intersection list if the element is also present in set B.

5. \textbf{DeleteB(x)} - Delete the element \( x \) from the binary search tree for set B. Update the intersection list if the element is also present in set A.

6. \textbf{DoesIntersect} - Check if the intersection list is empty. If it is not empty, then return ""yes"", otherwise return ""no"".

The runtime for each operation is \( O(\log n) \) because balanced binary search trees provide \( O(\log n) \) time complexity for search, insert, and delete operations. Updating the intersection list also takes constant time."
521,A,TRUE,2017,b,b,1-b,T3/ds17BB sol 85(vaad).pdf,TAU,6,"```latex
In this question, we are given a data structure \( S \) that maintains two sets of numbers \( A, B \), and we discuss data structures that support part or all of the following operations:
- \textbf{Init} – Initializes \( A \) and \( B \) to be empty sets.
- \textbf{InsertA(\(x\))} – Adds the number \( x \) to \( A \).
- \textbf{DeleteA(\(x\))} – Deletes the number \( x \) from \( A \) (it can be assumed that \( x \) is in \( A \) before the operation, a pointer to \( x \) is given as input).
- \textbf{InsertB(\(x\))} – Adds the number \( x \) to \( B \).
- \textbf{DeleteB(\(x\))} – Deletes the number \( x \) from \( B \) (it can be assumed that \( x \) is in \( B \) before the operation, a pointer to \( x \) is given as input).
- \textbf{DoesIntersect} – Returns ""yes"" if \( A \) and \( B \) have a non-empty intersection, meaning there is a number present in both. If the intersection is empty, it returns ""no"".

In all sections, \( n \) is defined to be \( n = |A| + |B| \) (the sum of the sizes of the sets) at this moment.

2. Describe a data structure for which the runtime of all operations from section (a) is \( O(1) \) on average. You may assume in this section that at most \( N \) operations are performed on the data structure, where \( N \) is a parameter known to the data structure. You are allowed to initialize an empty array of size \( N \) in \( O(1) \).
```",na,"(Refers to hashing with linear probing)
Init: Create a new array of size M.
Store a pointer in each cell of the array that indicates whether the cell is empty or occupied.

Insert: Insert x into the array.
If the cell is empty, insert x.
If the cell is occupied, check the next cell using the hash function and insert it.
Insertion time: O(1).

Delete:
Search for x in the array and remove the pointer of that cell.
Deletion time: O(1) in the average case.

DoesIntersect:
Return true if x in the first hash is also found in the second hash.
Return false otherwise.",,na,tested,,,,hand-written answer exists,TRUE,"To achieve \( O(1) \) average runtime for all operations, we can use a data structure based on hashing. We can maintain two hash tables, one for set \( A \) and one for set \( B \), where the keys are the numbers in the respective sets. Additionally, we can maintain a hash set to store the common numbers between sets \( A \) and \( B \).

For the operations:
- \textbf{Init}: We initialize two empty hash tables for sets \( A \) and \( B \), and an empty hash set for the common elements.
- \textbf{InsertA(\(x\))}: We insert the number \( x \) into the hash table for set \( A \), and if \( x \) is already present in set \( B \), we add it to the common elements hash set.
- \textbf{DeleteA(\(x\))}: We delete the number \( x \) from the hash table for set \( A \), and if \( x \) is present in the common elements hash set, we remove it.
- \textbf{InsertB(\(x\))}: We insert the number \( x \) into the hash table for set \( B \), and if \( x \) is already present in set \( A \), we add it to the common elements hash set.
- \textbf{DeleteB(\(x\))}: We delete the number \( x \) from the hash table for set \( B \), and if \( x \) is present in the common elements hash set, we remove it.
- \textbf{DoesIntersect}: We simply check if the common elements hash set is empty or not.

With this data structure, each operation has an average runtime of \( O(1) \) due to the constant time complexity of hash table operations under the assumption that the hash function distributes keys uniformly. This can handle a maximum of \( N \) operations efficiently while keeping the average runtime \( O(1) \)."
522,A,TRUE,2017,b,b,1-c,T3/ds17BB sol 85(vaad).pdf,TAU,6,"```latex
In this question, we are given a data structure \( S \) that maintains two sets of numbers \( A \) and \( B \), and we discuss data structures that support some or all of the following operations:
- \texttt{Init} – initializes \( A \) and \( B \) to be empty sets.
- \texttt{InsertA(x)} – adds the number \( x \) to \( A \).
- \texttt{DeleteA(x)} – removes the number \( x \) from \( A \). (We can assume that \( x \) is in \( A \) before the operation. A pointer to \( x \) is given as input.)
- \texttt{InsertB(x)} – adds the number \( x \) to \( B \).
- \texttt{DeleteB(x)} – removes the number \( x \) from \( B \). (We can assume that \( x \) is in \( B \) before the operation. A pointer to \( x \) is given as input.)
- \texttt{DoesIntersect} – returns ""yes"" if \( A \) and \( B \) have a non-empty intersection (i.e., there is a number that is in both) and ""no"" if the intersection is empty.

In all parts, \( n \) is defined to be \( n = |A| + |B| \) (the sum of the sizes of the sets) at any moment.
3. In this section only, we modify \texttt{Init} as follows: \texttt{Init(Arr)} – initializes \( A \) to be an empty set, and initializes \( B \) to be the set of numbers contained in the array \texttt{Arr}. Describe a data structure that supports \texttt{InsertA}, \texttt{DeleteA}, and \texttt{DoesIntersect} only (set \( B \) does not change during the execution of the algorithm). The running time of all these operations should be \( O(1) \) in the worst case. The \texttt{Init} operation should take an expected time of \( O(k) \), where \( k \) is the size of the array with which \( B \) was initialized.
```",na,"(Refers to perfect hash (no collisions).)
Init:
Create a main hash array of size M, where each cell in the array contains a pointer to a level two hash.
Generate the second hash (level two) based on the number of elements in the cell, so that an empty cell remains empty.
Creation time - O(k) (k is the number of elements in B).

Insert:
Find the appropriate location for X and insert it (there will be no collisions in the array).
Insertion time: O(1) on average ? based on perfect hash.

Delete:
Find the location of X in the array and delete X.
Deletion time: O(1) on average (and also because there are no collisions).

DoesIntersect:
Return true if the element exists in both hash arrays; otherwise, return false.",,na,tested,,,,hand-written answer exists,TRUE,"To support \texttt{InsertA}, \texttt{DeleteA}, and \texttt{DoesIntersect} operations with \( O(1) \) worst-case running time, we can use the following data structure:

- Maintain two sets: \( A \) and \( B \).
- Initialize \( A \) to be an empty set and initialize \( B \) to be the set contained in the array \texttt{Arr}.
- To support \texttt{InsertA(x)}, we simply add the number \( x \) to set \( A \) in \( O(1) \) time.
- To support \texttt{DeleteA(x)}, we remove the number \( x \) from set \( A \) in \( O(1) \) time. (Since a pointer to \( x \) is given as input, we can easily delete \( x \) from set \( A \) in constant time.)
- To support \texttt{DoesIntersect}, we can check if there is any common element between sets \( A \) and \( B \). If the intersection is non-empty, return ""yes""; otherwise, return ""no"" in \( O(1) \) time.

Although the initialization of \( B \) with the array \texttt{Arr} takes \( O(k) \) expected time, the running time of all other operations remains \( O(1) \) in the worst case."
524,A,TRUE,2017,b,b,2-a,T3/ds17BB sol 85(vaad).pdf,TAU,6,"```latex
In this problem, a data structure $S$ is given, which maintains two sets of numbers $A$ and $B$, and we discuss data structures that support some or all of the following:

- Init – initializes $A$ and $B$ to be empty sets.
- InsertA(x) – adds the number $x$ to $A$.
- DeleteA(x) – deletes the number $x$ from $A$ (it can be assumed that $x$ is in $A$ before the operation; a pointer to $x$ is provided in the input).
- InsertB(x) – adds the number $x$ to $B$.
- DeleteB(x) – deletes the number $x$ from $B$ (it can be assumed that $x$ is in $B$ before the operation; a pointer to $x$ is provided in the input).
- ClosestPair – returns a number $x$ from $A$ and a number $y$ from $B$ such that the absolute distance $|x-y|$ is minimal (if there is more than one such pair, any minimal pair can be returned).

In all parts, $n$ is defined as $n=|A|+|B|$ (the sum of the sizes of the sets) at this moment.

1. Describe a data structure that supports only the operations InsertA, InsertB, and ClosestPair, such that the running time of the operations InsertA and InsertB is $O(\log n)$ in the worst case, and that of ClosestPair is $O(1)$ in the worst case.
```

This structured format ensures the text is properly formatted for LaTeX, utilizing math mode for sets and operations, as well as bullet points for clear enumeration of items.",na,"We will use 2 AVL trees 1 for A and the second for B. When inserting an item (to A for example) we will check if the item exists in B, if it does we will set min to 0, otherwise we will check the closest items to the entered item in tree B  and set min to be the minimum distance found - In total insertion takes O(logn) complexity. ClosestPair returns min - O(1) complexity)",,na,tested,,,,hand-written answer exists,TRUE,"To support the operations InsertA, InsertB, and ClosestPair with the specified running times, we can use a balanced binary search tree for Set A and Set B. This data structure would be designed as follows:

1. Init:
   - Initialize both sets $A$ and $B$ as empty balanced binary search trees.

2. InsertA(x):
   - Insert the number $x$ into Set A's binary search tree with $O(\log n)$ time complexity.

3. InsertB(x):
   - Insert the number $x$ into Set B's binary search tree with $O(\log n)$ time complexity.

4. ClosestPair:
   - To find the closest pair $(x, y)$ where $x$ is from Set A and $y$ is from Set B, we can traverse the binary search trees of sets A and B simultaneously. This can be done in $O(1)$ time by always choosing the root of each tree since they will be closest because of the properties of balanced binary search trees.

Therefore, by using balanced binary search trees for Set A and Set B, we can achieve the required time complexities for InsertA, InsertB, and ClosestPair operations."
526,A,TRUE,2017,b,b,2-c,T3/ds17BB sol 85(vaad).pdf,TAU,6,"```latex
In this question, we are given a data structure \( S \) that maintains two sets of numbers, \( A \) and \( B \), and we discuss data structures supporting some or all of the following:

- \texttt{Init} – Initializes \( A \) and \( B \) to be empty sets.
- \texttt{InsertA}(x) – Adds the number \( x \) to \( A \).
- \texttt{DeleteA}(x) – Deletes the number \( x \) from \( A \) (we assume \( x \) is in \( A \) before this operation, and a pointer to \( x \) is provided as input).
- \texttt{InsertB}(x) – Adds the number \( x \) to \( B \).
- \texttt{DeleteB}(x) – Deletes the number \( x \) from \( B \) (we assume \( x \) is in \( B \) before this operation, and a pointer to \( x \) is provided as input).
- \texttt{ClosestPair} – Returns a number \( x \) from \( A \) and a number \( y \) from \( B \) such that the absolute distance \( |x-y| \) is minimized (if there is more than one such pair, any minimal pair can be returned).

In all parts, let \( n \) be defined as \( n=|A|+|B| \) (the sum of the sizes of the sets) at a given moment.

3. Define the operation \texttt{FarthestPair} which returns an element \( x \) from \( A \) and an element \( y \) from \( B \) such that the absolute distance between \( x \) and \( y \) is maximal (if there is more than one such pair, any maximal pair can be returned). Describe a data structure that supports the operations \texttt{InsertA}, \texttt{InsertB}, and \texttt{FarthestPair} (without delete operations), where the runtime of all these operations is \( O(1) \) in the worst case.
```",na,"We will hold min-max stack for A and min-max stack for B. For FarthestPair method we will return max(|x_1-y_1|,|x_1-y_2|,|x_2-y_1|,|x_2-y_2|) where x_1 is the maximum in A stack, x_2 is the minimum in A stack, y_1 is the maximum in B stack, y_2 is the minimum in B stack - Complexity for the FarthestPair method is O(1). ",,na,tested,,,,,TRUE,"To support the operations \texttt{InsertA}, \texttt{InsertB}, and \texttt{FarthestPair} in \(O(1)\) time complexity, we can maintain a data structure that stores the minimum and maximum elements in sets \(A\) and \(B\) separately. 

Let \( \text{minA} \) and \( \text{maxA} \) be variables storing the minimum and maximum elements in set \(A\), and let \( \text{minB} \) and \( \text{maxB} \) be variables storing the minimum and maximum elements in set \(B\).

To initialize, we set all variables to \(\text{null}\).

- \texttt{InsertA}(x): 
    - If \(x\) is the first element being inserted into set \(A\), set both \(\text{minA}\) and \(\text{maxA}\) to \(x\).
    - Otherwise, update \(\text{minA} = \min(\text{minA}, x)\) and \(\text{maxA} = \max(\text{maxA}, x)\).

- \texttt{InsertB}(x): 
    - If \(x\) is the first element being inserted into set \(B\), set both \(\text{minB}\) and \(\text{maxB}\) to \(x\).
    - Otherwise, update \(\text{minB} = \min(\text{minB}, x)\) and \(\text{maxB} = \max(\text{maxB}, x)\).

- \texttt{FarthestPair}:
    - Return the pair \((\text{maxA}, \text{minB})\), as the maximum absolute distance between an element in set \(A\) and an element in set \(B\) is achieved when we choose the maximum element from \(A\) and the minimum element from \(B\).

This data structure supports \texttt{InsertA}, \texttt{InsertB}, and \texttt{FarthestPair} operations in constant time complexity \(O(1)\), as we only need to update the minimum and maximum values when new elements are inserted."
527,A,TRUE,2017,b,b,2-d,T3/ds17BB sol 85(vaad).pdf,TAU,7,"```latex
In this problem, we are given a data structure \( S \) that maintains two sets of numbers \( A, B \), and we consider data structures that support some or all of the following operations:
- \texttt{Init} – initializes \( A, B \) to be empty sets.
- \texttt{InsertA(x)} – adds the number \( x \) to \( A \).
- \texttt{DeleteA(x)} – deletes the number \( x \) from \( A \) (it can be assumed that \( x \) is in \( A \) before the operation; a pointer to \( x \) is provided in the input).
- \texttt{InsertB(x)} – adds the number \( x \) to \( B \).
- \texttt{DeleteB(x)} – deletes the number \( x \) from \( B \) (it can be assumed that \( x \) is in \( B \) before the operation; a pointer to \( x \) is provided in the input).
- \texttt{ClosestPair} – returns a number \( x \) from \( A \) and a number \( y \) from \( B \) such that the absolute distance \(|x-y|\) is minimal (if there is more than one such pair, any minimal pair can be returned).

In all sections, \( n \) is defined to be \( n=|A|+|B| \) (the sum of the sizes of the sets) at this moment.

4. We modify \texttt{Init} in this section only as follows: \texttt{Init(Array)} – initializes \( A \) to be an empty set, and initializes \( B \) to be the set of numbers in the array \texttt{Array}. Describe a randomized data structure that supports only the operations \texttt{InsertA}, \texttt{DeleteA}, and \texttt{ClosestPair} (set \( B \) does not change during the execution of the algorithm). The operations \texttt{InsertA} and \texttt{DeleteA} should each take \( O(\log n) \) in the worst case, and \texttt{ClosestPair} should take \( O(1) \) in the worst case, where \( k \) is the size of the array used to initialize \( B \).
```",na,"We will have AVL tree for A, AVL tree for B, min-stack for close elements. Init: Build tree B and empty tree for A, empty stack - Complextiy O(klogk). Insert: We will add the element x to A tree, we will find the closest y from tree B to the element entered and add to the stack |x-y|. We will hold a pointer from the element entered to A tree to the corresponding element in the stack (|x-y|) - Insert complexity is O(logn). Delete: We will remove the element from A tree and from the stack using the pointer from the corresponding element is A - complexity of delete is O(logk). ClosestPair: We will return the key from the stack (x,y) - Complexity of ClosestPair is O(1).",,na,tested,,,,hand-written answer exists,TRUE,"We can use a randomized balanced binary search tree (such as a randomized treap) to achieve the required time complexity for the operations. Since set \( B \) does not change during the execution of the algorithm, we can initialize the balanced binary search tree with the elements of the array \texttt{Array}. Each node in the treap will have two additional fields: \texttt{minDist} which stores the minimum absolute distance from any element in set \( A \), and \texttt{closestPair} which stores the closest pair of elements (one from \( A \) and one from that node) corresponding to the minimum absolute distance.

The implementation of the operations is as follows:

1. \texttt{InsertA(x)}: Add the element \( x \) to the treap. While performing the insertion, update the \texttt{minDist} and \texttt{closestPair} values of each node accordingly. This can be done in \( O(\log n) \) time complexity in the worst case due to the balanced binary search tree properties.

2. \texttt{DeleteA(x)}: Delete the element \( x \) from the treap. Update the \texttt{minDist} and \texttt{closestPair} values of affected nodes. This can also be done in \( O(\log n) \) time complexity in the worst case.

3. \texttt{ClosestPair}: Since the closest pair is already stored in the root node of the treap, returning it takes constant time \( O(1) \).

Therefore, the required time complexities are achieved using this randomized data structure."
555,A,TRUE,2016,a,a,2-a,T3/ds16AA-sol.pdf,TAU,na,"```latex
Given $n$ pairs of keys $(a_1, b_1), (a_2, b_2), \ldots, (a_n, b_n)$, such that each key $a_i$ and each key $b_j$ (for $1 \leq i, j \leq n$) are integers in the range $[1, 10n]$. Describe a data structure that can be built in $O(n)$ worst-case time (given the $n$ pairs of keys) and supports the following operation in $O(1)$ worst-case time:

\texttt{SearchAll}(a) – Return a list of all pairs of keys in which $a$ is the left key.
```",na,"```latex
Initialize a table with 10n cells, so that the i-th cell contains a list of all pairs of keys where i is the left key.
```",na,na,tested,,,,total points: 20.00 ,TRUE,"To achieve this, we can create a data structure called a hash table where the keys are the integers in the range $[1, 10n]$ and the values are lists of pairs. Each pair would be inserted into the list corresponding to its left key in the hash table.

The steps to build this data structure in $O(n)$ time are as follows:
1. Initialize an empty hash table.
2. For each pair $(a_i, b_i)$, check if $a_i$ is already a key in the hash table:
   - If $a_i$ is a key, append the pair $(a_i, b_i)$ to the list of pairs associated with the key $a_i$ in the hash table.
   - If $a_i$ is not a key, add a new key $a_i$ to the hash table with a list containing the pair $(a_i, b_i)$.
3. Repeat step 2 for all pairs in the input.

After building the data structure, the \texttt{SearchAll}(a) operation can be supported in $O(1)$ worst-case time by simply returning the list of pairs associated with the key $a$ in the hash table (or an empty list if $a$ is not a key in the hash table).

The latex representation of the solution is as follows:

\[
\text{Given } n \text{ pairs of keys } (a_1, b_1), (a_2, b_2), \ldots, (a_n, b_n) \text{, such that each key } a_i \text{ and each key } b_j \text{ (for } 1 \leq i, j \leq n \text{) are integers in the range } [1, 10n] \text{. Describe a data structure that can be built in } O(n) \text{ worst-case time (given the } n \text{ pairs of keys) and supports the following operation in } O(1) \text{ worst-case time:}
\]

\[
\text{\texttt{SearchAll}(a) – Return a list of all pairs of keys in which } a \text{ is the left key.}
\]"
556,A,TRUE,2016,a,a,2-b,T3/ds16AA-sol.pdf,TAU,na,"```latex


```latex
Given $n$ pairs of keys $(a_1, b_1), (a_2, b_2), \ldots, (a_n, b_n)$, such that each key $a_i$ and each key $b_j$ (for $1 \leq i, j \leq n$) are integers in the range $[1, 10n]$. Describe a data structure that can be built in $O(n)$ worst-case time (given the $n$ pairs of keys) and supports the following operation in $O(1)$ worst-case time:

\texttt{SearchAll}(a) – Return a list of all pairs of keys in which $a$ is the left key.
``` this time it is given that all keys are integers and from the range \([1, n^3]\). Describe a data structure that can be built in worst-case time \(O(n)\) (given \(n\) pairs of keys) and supports the operation SearchAll in worst-case time \(O(\log(n))\).
```",na,"```latex
Let's sort all pairs using radix sort according to the left key. 
Initialize an array of size \( n \) such that the \( i \)-th cell in the array holds a list of all pairs for which the left key is the \( i \)-th largest among the left keys.
```",na,na,tested,,,,total points: 20.00 ,TRUE,"To achieve an \(O(\log(n))\) worst-case time complexity for the \texttt{SearchAll} operation, we can use a specialized binary search tree called a Range Tree. 

A Range Tree is a balanced binary search tree where each node stores an integer value and has two children, a left child representing values less than the node's value and a right child representing values greater than the node's value. Additionally, each node also stores a sorted list of all pairs in which the node's value appears as the left key. 

To build this Range Tree in \(O(n)\) worst-case time given \(n\) pairs of keys, we can perform the following steps:

1. Sort the \(n\) pairs of keys based on their left key values in \(O(n\log(n))\) time.
2. Build the Range Tree by recursively partitioning the sorted pairs into two halves and constructing the tree using the median left key value at each step. This process takes \(O(n)\) time overall.
3. For each node in the Range Tree, store a sorted list of all pairs where the node's value appears as the left key. This will take \(O(n)\) time overall.

With the Range Tree constructed, the \texttt{SearchAll} operation can be performed in \(O(\log(n))\) worst-case time by traversing the tree and searching for the desired integer value \(a\) at each level. Once the node with value \(a\) is found, the sorted list of pairs associated with that node can be returned.

Therefore, by using a Range Tree data structure, we can achieve the desired worst-case time complexities for building the structure and performing the \texttt{SearchAll} operation."
571,A,TRUE,2016,a,b,2-b,T3/ds16AB-sol.pdf,TAU,na,"```latex
\documentclass{article}
\usepackage[utf8]{inputenc}

\begin{document}

Describe a data structure that supports the following operations (where $n$ is the number of keys currently in the data structure, and it can be assumed that all keys are distinct):
\begin{itemize}
    \item \textbf{Insert(a)} – Insert the key $a$ into the data structure. The operation should be performed in $O(\log n)$ time.
    \item \textbf{Delete(a)} – Delete the key $a$. The operation should be performed in $O(\log n)$ time.
    \item \textbf{Search(a)} – Return the key $a$ if it exists, otherwise return \texttt{null}. The operation should be performed in $O(\log n)$ time.
    \item \textbf{Sum(a)} – Return the sum of all keys that are smaller than $a$. It can be assumed that $a$ exists in the data structure. The operation should be performed in $O(\log n)$ time.
\end{itemize}

\end{document}
```",na,"```latex
We will implement using a red-black tree where each node keeps the sum of the keys of the subtree of which it is the root. The Sum operation will be performed by descending from the root to node \(a\) and summing the sum fields of all left children of the nodes along the path together with the sum field of \(a\).
```",na,na,tested,,,,total points: 20.00 ,TRUE,"```latex
\documentclass{article}
\usepackage[utf8]{inputenc}

\begin{document}

Describe a data structure that supports the following operations (where $n$ is the number of keys currently in the data structure, and it can be assumed that all keys are distinct):
\begin{itemize}
    \item \textbf{Insert(a)} – Insert the key $a$ into the data structure. The operation should be performed in $O(\log n)$ time.
    \item \textbf{Delete(a)} – Delete the key $a$. The operation should be performed in $O(\log n)$ time.
    \item \textbf{Search(a)} – Return the key $a$ if it exists, otherwise return \texttt{null}. The operation should be performed in $O(\log n)$ time.
    \item \textbf{Sum(a)} – Return the sum of all keys that are smaller than $a$. It can be assumed that $a$ exists in the data structure. The operation should be performed in $O(\log n)$ time.
\end{itemize}

\end{document}
```"
587,A,TRUE,2016,b,a,2,T3/ds16BA-sol.pdf,TAU,15,"```latex
Implement a data structure of type dictionary that supports the following operations:
\begin{itemize}
    \item \texttt{Insert(k, e)} – Insert a new element \( e \) with the key \( k \) (you can assume that there is no other element with this key in the structure).
    \item \texttt{Search(k)} \(\leftarrow e\) – Find the element in the structure with the key \( k \), if such an element exists (otherwise returns \texttt{null}).
    \item \texttt{DeleteBetween(a, b)} – Delete all the elements in the structure whose key \( k \) is in the range \( a \leq k < b \).
\end{itemize}
Each operation should run in \( O(\log n) \) time.
```",na,"```latex
We will use a red-black tree that supports the operations Insert, Search, Split, and Join in O(log n) time for each.

Implementation of DeleteBetween:
1. Perform a split: \( T<a, T\geq a \leftarrow \text{Split}(T, a) \) where \( T<a \) is a red-black tree containing elements smaller than \( a \), and \( T\geq a \) is a red-black tree containing elements equal to or greater than \( a \).
2. Now perform another split: \( T[a,b], T\geq b \leftarrow \text{Split}(T\geq a, b) \) where \( T[a,b] \) is a red-black tree containing elements smaller than \( b \) and greater or equal to \( a \), and \( T\geq b \) is a red-black tree containing elements equal to or greater than \( b \).
3. Finally, perform a join: \( T \leftarrow \text{Join}(T<a, T\geq b) \) and return the tree containing all elements except those between \( a \) and \( b \).

This involves a fixed number of red-black tree operations, each taking \( O(\log n) \) time.
```",na,na,tested,,,,,TRUE,"To implement a dictionary data structure that supports the mentioned operations in \( O(\log n) \) time, we can use a balanced binary search tree. We can use a self-balancing binary search tree such as AVL tree, Red-Black tree, or Splay tree to achieve this time complexity.

Here is how we can implement the dictionary data structure using a balanced binary search tree:

1. \textbf{Insert(k, e)}:
To insert a new element \( e \) with key \( k \) in the dictionary, we can simply perform a standard insert operation in the balanced binary search tree. This operation takes \( O(\log n) \) time.

2. \textbf{Search(k)}:
To search for an element with key \( k \) in the dictionary, we can perform a standard search operation in the balanced binary search tree. If the element with key \( k \) exists, we can return it; otherwise, we return \texttt{null}. This operation also takes \( O(\log n) \) time.

3. \textbf{DeleteBetween(a, b)}:
To delete all elements in the dictionary whose keys fall in the range \( a \leq k < b \), we can perform the following steps:
- Find the node with key \( a \) in the binary search tree (if it exists).
- Delete all nodes in the binary search tree whose keys fall within the range \( a \leq k < b \) by performing a series of delete operations.
- Rebalance the binary search tree after deletion operations to maintain the balanced property.
This operation also runs in \( O(\log n) \) time.

The overall complexity of each operation is \( O(\log n) \) in a balanced binary search tree, fulfilling the requirements of the given problem."
588,A,TRUE,2016,b,a,3-a,T3/ds16BA-sol.pdf,TAU,15, ,na,"```latex
Let's note that there is no need to keep all \( n \) bids, only the highest bid for each product. We will store in a Fibonacci max-heap \( H \) the highest bid for product \( j \) (key = price \( p \), value = product number \( j \)). Additionally, we will maintain an array of \( m \) pointers into \( H \) (where \( j \) points to the bid for product \( j \)).

\textbf{Init:} We construct an empty heap \( H \), insert into it a bid with zero price for each of the products and store the pointers in the array.

\textbf{Bid:} If \( p \) is greater than the current bid for product \( j \) (which we find in constant time using the pointer), we perform an \texttt{Increase-Key} in \( H \) for this product, otherwise we ignore it (assuming the product has not yet been sold). In a Fibonacci heap, this is \( O(1) \) amortized.

\textbf{Sell:} We perform \texttt{Delete-Max} on \( H \) and return the product \( j \) and its price \( p \). There are at most \( m \) bids in \( H \) and therefore this costs \( O(\log m) \) amortized.
```",na,na,tested,,,,,TRUE,Find the derivative of the function \[ f(x) = 3x^4 + 2x^3 - 5x^2 + 2 \]
589,A,TRUE,2016,b,a,3-b,T3/ds16BA-sol.pdf,TAU,15,"```latex
\textbf{b.} Given are 𝑚 different types of products (numbered from 1 to 𝑚), with an unlimited quantity of each type. The auction is open for 𝑚 days, during which 𝑛 people place bids to purchase (each bid is for one unit of a product). At the end of each day, a pair of products of different types will be sold on which the highest bids were placed.

You are requested to implement a data structure for the auction that supports the following commands:
\begin{itemize}
    \item \textbf{Init(m)} – Initialize the structure with 𝑚 types of products and no bids.
    \item \textbf{Bid(j, p)} – Add a bid with price 𝑝 for a product of type 𝑗. The command should run in amortized time 𝑂(1).
    \item \textbf{Sell() $\leftarrow$ j1, p1, j2, p2} – Sell one unit of product from each of the two types that received the highest bid. (It can be assumed that there are at least two bids in the auction). The command returns the types of products 𝑗1, 𝑗2 that were sold and the prices 𝑝1, 𝑝2 that were paid for them, respectively. The command should run in amortized time 𝑂(\log 𝑛).
\end{itemize}
```",na,"```latex
Here all bids must be retained because the same type of product can be sold multiple times on different days. In addition to heap \( H \) and the voter array as in part (a), we will have an array of \( m \) maximum heaps (lazy binomial or Fibonacci). \( H_j \) will contain all bids for product type \( j \). The heap \( H \) will contain the heads of all heaps \( H_j \), meaning the best bid for each type.

\textbf{Init:} For each \( j \), we construct an empty heap \( H_j \) and insert a zero bid into it. We construct \( H \) from the heads of the heaps and store pointers in an array.

\textbf{Bid:} We perform an \texttt{Insert} of \( p \) into heap \( H_j \). If its maximum has changed (and especially if it has increased), we perform \texttt{Increase-Key} as in part (a) to update the best bid for product type \( j \) within \( H \). Overall, \( O(1) \) amortized for both operations.

\textbf{Sell:} We perform \texttt{Delete-Max} twice on \( H \) to identify the two product types \( j_1, j_2 \) and their respective best bids \( p_1, p_2 \). We also perform \texttt{Delete-Max} in both heaps \( H_{j_1} \) and \( H_{j_2} \) to remove these bids and insert into \( H \) the two new heap heads, which are the next bids in line for these product types. We update the pointer array.

Overall runtime: \( O(\log n) = O(\log m) + O(\log n) \) amortized, because given \( 2m \ge n \) and there are at most \( m \) elements in \( H \) and at most \( n \) in each \( H_j \).
```",na,na,tested,,,,,TRUE,"\[
\textbf{b. Given are } m \textbf{ different types of products (numbered from 1 to } m\textbf{), with an unlimited quantity of each type. The auction is open for } n \textbf{ people place bids to purchase (each bid is for one unit of a product). At the end of each day, a pair of products of different types will be sold on which the highest bids were placed.}
\]

\[
\textbf{You are requested to implement a data structure for the auction that supports the following commands:}
\]

\begin{itemize}
    \item \textbf{Init(m)} – Initialize the structure with $m$ types of products and no bids.
    \item \textbf{Bid(j, p)} – Add a bid with price $p$ for a product of type $j$. The command should run in amortized time $O(1)$.
    \item \textbf{Sell() $\leftarrow j1, p1, j2, p2$} – Sell one unit of product from each of the two types that received the highest bid. (It can be assumed that there are at least two bids in the auction). The command returns the types of products $j1, j2$ that were sold and the prices $p1, p2$ that were paid for them, respectively. The command should run in amortized time $O(\log n)$.
\end{itemize}"
593,A,TRUE,2016,b,a,6,T3/ds16BA-sol.pdf,TAU,15,"```latex
The computer contains a large number of pages on the disk. The computer receives a stream of requests for different pages. To facilitate quick access to the pages, we have a cache memory of size \( n \) pages where we store the most recently requested pages, i.e., those that have been requested recently (LRU model).

Example: Suppose \( n = 4 \). After the stream of requests 6, 5, 9, 4, 5, 4, 7, the cache will contain the pages 7, 4, 5, 9, where 7 is the freshest and 9 is the stalest. If the next request is for page 3, then 9 will be evicted from the cache.

You need to implement a data structure for maintaining the cache that supports the following commands:
\begin{itemize}
    \item \texttt{Init(n)} – Initialize the structure with \( n \) slots for pages and no requests.
    \item \texttt{Access(x)} – Access page \( x \). If the page \( x \) is already in the structure, update the structure so that \( x \) becomes the freshest; otherwise, insert \( x \) as the freshest page and evict the stalest page if necessary. The command should run in expected time \(\mathcal{O}(1)\).
\end{itemize}
```",na,"```latex
We will store the page numbers in the cache as a (linked list sorted by recency, with the most recent at the end of the queue) with a length field, and also maintain a hash table that maps each page \( x \) in the cache to its node in the queue.

\textbf{Init:} Initialize an empty hash table with size \( 2n \) and an empty queue.

\textbf{Access:} If \( x \) appears in the hash, remove it from its current position in the queue (via the pointer) and insert it at the end of the queue. If \( x \) does not appear in the hash, create a node list for it, insert it at the end of the queue, and save \( x \) in the hash table along with the pointer to the node.

If the length of the queue has increased to \( n+1 \), then remove the page \( y \), which is at the head of the queue, both from the queue and from the hash.

We used a fixed number of operations in the hash table (each with an average of \( O(1) \)) and in the queue (each with \( O(1) \) because we accessed the head, tail, or via a pointer).
```",na,na,tested,,,,,TRUE,"The solution using a doubly linked list and a hashmap to achieve \(\mathcal{O}(1)\) time complexity for the \texttt{Access(x)} operation is as follows:

\[
\begin{array}{l}
\text{struct Node:} \\
\hspace{10mm} \text{int key, val;} \\
\hspace{10mm} \text{Node* prev, next;} \\
\\
\text{class LRUCache:} \\
\hspace{10mm} \text{private:} \\
\hspace{15mm} \text{unordered\_map<int, Node*> cache;} \\
\hspace{15mm} \text{Node* head, tail;} \\
\hspace{15mm} \text{int capacity, count;} \\
\\
\hspace{10mm} \text{public:} \\
\hspace{15mm} \text{LRUCache(int n) \{} \\
\hspace{20mm} \text{head = new Node();} \\
\hspace{20mm} \text{tail = new Node();} \\
\hspace{20mm} \text{head->next = tail;} \\
\hspace{20mm} \text{tail->prev = head;} \\
\hspace{20mm} \text{capacity = n;} \\
\hspace{20mm} \text{count = 0;} \\
\hspace{15mm} \} \\
\\
\hspace{15mm} \text{void addNode(Node* node) \{} \\
\hspace{20mm} \text{Node* temp = head->next;} \\
\hspace{20mm} \text{head->next = node;} \\
\hspace{20mm} \text{node->prev = head;} \\
\hspace{20mm} \text{node->next = temp;} \\
\hspace{20mm} \text{temp->prev = node;} \\
\hspace{15mm} \} \\
\\
\hspace{15mm} \text{void removeNode(Node* node) \{} \\
\hspace{20mm} \text{Node* prevNode = node->prev;} \\
\hspace{20mm} \text{Node* nextNode = node->next;} \\
\hspace{20mm} \text{prevNode->next = nextNode;} \\
\hspace{20mm} \text{nextNode->prev = prevNode;} \\
\hspace{15mm} \} \\
\\
\hspace{15mm} \text{void moveToFront(Node* node) \{} \\
\hspace{20mm} \text{removeNode(node);} \\
\hspace{20mm} \text{addNode(node);} \\
\hspace{15mm} \} \\
\\
\hspace{15mm} \text{int Access(int x) \{} \\
\hspace{20mm} \text{if(cache.find(x) != cache.end()) \{} \\
\hspace{25mm} \text{Node* node = cache[x];} \\
\hspace{25mm} \text{moveToFront(node);} \\
\hspace{25mm} \text{return node->val;} \\
\hspace{20mm} \} else \{} \\
\hspace{25mm} \text{if(count == capacity) \{} \\
\hspace{30mm} \text{Node* toRemove = tail->prev;} \\
\hspace{30mm} \text{removeNode(toRemove);} \\
\hspace{30mm} \text{cache.erase(toRemove->key);} \\
\hspace{30mm} \text{delete toRemove;} \\
\hspace{25mm} \} \\
\hspace{25mm} \text{Node* newNode = new Node();} \\
\hspace{25mm} \text{newNode->key = x;} \\
\hspace{25mm} \text{newNode->val = getFromDisk(x);} \\
\hspace{25mm} \text{addNode(newNode);} \\
\hspace{25mm} \text{cache[x] = newNode;} \\
\hspace{25mm} \text{count++;} \\
\hspace{25mm} \text{return newNode->val;} \\
\hspace{20mm} \} \\
\hspace{15mm} \} \\
\end{array}
\]"
599,A,TRUE,2017,a,a,2-a,T3/ds17AA-sol.pdf,TAU,na,"```latex
Given an ordered set \( S \). We define the rank of an element in a certain set as its position in a sorted array of the elements (with all elements having distinct values). Throughout the question, \( n \) denotes the current number of elements in the desired data structure.

1. Describe a data structure that supports the following operations:
   \begin{itemize}
       \item \texttt{Init()} – Initialize the structure in \( O(1) \) time.
       \item \texttt{Insert(x)} – Insert the element \( x \) into \( S \) in \( O(\log n) \) time.
       \item \texttt{Delete(x)} – Delete the element \( x \) from \( S \) in \( O(\log n) \) time.
       \item \texttt{Min()} – Return the element with the minimum rank in \( O(1) \) time.
       \item \texttt{Max()} – Return the element with the maximum rank in \( O(1) \) time.
       \item \texttt{AVG()} – Return the element with the smallest rank such that its value is greater than or equal to the average of the elements in the structure in \( O(1) \) time.
   \end{itemize}
```",na,"```latex
We will use a balanced binary tree with auxiliary fields that are updated with every insert/delete operation: pointers to the minimum and maximum elements (found by only traversing left or right from the root to the leaf), a pointer to the smallest element greater than or equal to the average, the number of elements in the tree, and the sum of the elements in the tree.

To maintain the pointer to the average element, when inserting, we will update the fields of the number of elements and sums, compute the average, and find the element closest to it from above using a search. Similarly, for the delete operation.

When calling Min/Max/AVG, we will return the element according to the appropriate pointer.
```",na,na,tested,,,,total points: 25.00,TRUE,"To achieve the desired data structure, we can use a balanced binary search tree (such as AVL tree, red-black tree, etc.) to store the elements in the set \( S \). 

1. \texttt{Init()} – Initialize the structure can be done by creating an empty balanced binary search tree. This can be done in \( O(1) \) time.

2. \texttt{Insert(x)} – To insert an element \( x \) into the set \( S \), we can simply insert \( x \) into the balanced binary search tree. Since the tree is balanced, the insertion operation takes \( O(\log n) \) time.

3. \texttt{Delete(x)} – To delete an element \( x \) from the set \( S \), we can simply delete \( x \) from the balanced binary search tree. Since the tree is balanced, the deletion operation takes \( O(\log n) \) time.

4. \texttt{Min()} – The element with the minimum rank in the set will be the leftmost element in the balanced binary search tree. Thus, we can return this element in \( O(1) \) time.

5. \texttt{Max()} – The element with the maximum rank in the set will be the rightmost element in the balanced binary search tree. Thus, we can return this element in \( O(1) \) time.

6. \texttt{AVG()} – To find the element with the smallest rank such that its value is greater than or equal to the average of the elements in the set, we first find the sum of all elements in the balanced binary search tree. Then, we can find the node whose value is the smallest one greater than or equal to the average by traversing the tree in a way that minimizes the rank. This can be done in \( O(1) \) time.

Therefore, the described data structure can support all the required operations efficiently."
600,A,TRUE,2017,a,a,2-b,T3/ds17AA-sol.pdf,TAU,na,"```latex
\documentclass{article}
\usepackage[utf8]{inputenc}

\begin{document}

Given an ordered set \( S \). Define the rank of an element in a given set as its position in a sorted array of the elements (all elements have different values). Throughout the question, \( h \) denotes the current number of elements in the required data structure.

In section (a), we described a data structure supporting the following operations:
\begin{itemize}
    \item \textbf{Init()} – Initialize the structure in \( O(1) \) time.
    \item \textbf{Insert(x)} – Insert the element \( x \) into \( S \) in \( O(\log n) \) time.
    \item \textbf{Delete(x)} – Delete the element \( x \) from \( S \) in \( O(\log n) \) time.
    \item \textbf{Min()} – Return the element with the smallest rank in \( O(1) \) time.
    \item \textbf{Max()} – Return the element with the largest rank in \( O(1) \) time.
    \item \textbf{AVG()} – Return the element with the smallest rank whose value is greater than or equal to the average of the elements in the structure in \( O(1) \) time.
\end{itemize}

(b) Describe a data structure that also supports the following operation:
\begin{itemize}
    \item \textbf{Stat(k)} – Return the \( k \)-th element by rank in \( S \) in \( O(\log k) \) time.
\end{itemize}

\end{document}
```",na,"The LaTeX translation of the text is as follows:

```latex
We will store at each node the size of the relevant subtree. When calling \texttt{Stat}, we will ascend the tree from the minimum element until we reach a node whose subtree size is at least \(k\). We will perform a recursive search in the aforementioned subtree downwards. At each step, we will compute the rank of the node by the size of the left subtree plus 1. By comparing to \(k\), we will know if we have finished or if we should continue to the right/left subtree. The tree is balanced, so the height of the minimal subtree of at least size \(k\) is \(O(\log k)\), which is the runtime.
```",na,na,tested,,,,total points: 25.00,TRUE,"The solution in Latex format is:

```latex
\documentclass{article}
\usepackage[utf8]{inputenc}

\begin{document}

Given an ordered set \( S \). Define the rank of an element in a given set as its position in a sorted array of the elements (all elements have different values). Throughout the question, \( h \) denotes the current number of elements in the required data structure.

In section (a), we described a data structure supporting the following operations:
\begin{itemize}
    \item \textbf{Init()} – Initialize the structure in \( O(1) \) time.
    \item \textbf{Insert(x)} – Insert the element \( x \) into \( S \) in \( O(\log n) \) time.
    \item \textbf{Delete(x)} – Delete the element \( x \) from \( S \) in \( O(\log n) \) time.
    \item \textbf{Min()} – Return the element with the smallest rank in \( O(1) \) time.
    \item \textbf{Max()} – Return the element with the largest rank in \( O(1) \) time.
    \item \textbf{AVG()} – Return the element with the smallest rank whose value is greater than or equal to the average of the elements in the structure in \( O(1) \) time.
\end{itemize}

(b) Describe a data structure that also supports the following operation:
\begin{itemize}
    \item \textbf{Stat(k)} – Return the \( k \)-th element by rank in \( S \) in \( O(\log k) \) time.
\end{itemize}

\end{document}
```"
607,A,TRUE,2017,a,a,4-a,T3/ds17AA-sol.pdf,TAU,na,"To define elements containing two fields – `type` and `value`. Let's assume the number of possible distinct values for the field `type` is \( k \). We are interested in building a data structure containing up to \( n \) elements that supports the following operations:
- `Insert(x)` – Inserts element \( X \) into the data structure in \( O(1) \) time.
- `AddToType(t,a)` – Increases the `value` field of all elements of type \( t \) by \( a \) in \( O(1) \) time.
- `AddToElement(a,x)` – Takes a pointer to element \( X \) and increases its `value` field by \( a \) in amortized \( O(1) \) time.
- `Max(t)` – Returns the maximum element among elements of type \( t \) in \( O(1) \) time.
- `MaxAll()` – Returns the maximum element in the structure (regardless of type) in \( O(1) \) time.

a. Propose such a data structure for \( k=4 \).",na,"```latex
We will create an array of size 4 that will hold each of the types. 
In each cell we will maintain: 
1. A pointer to a list that contains the elements of the same type. 
2. The maximal element in the list. 
3. An offset field initialized to 0. 

Additionally, we will maintain a field that holds the global maximum. Upon calling Insert, we will refer to the appropriate cell in the array. We will update the type's global maximum if necessary. We will subtract from the inserted element's value the value in the offset field. Then we will insert it into the elements list. Upon calling AddToElement, we will simply update the element's value and the maximums as needed. Upon calling max/maxAll, we will return the value of the relevant max field. When calling AddToType, we will update the offset field and the relevant maximums, and the global maximum if necessary.
```",na,na,tested,,,,total points: 25.00,TRUE,"To define a data structure for \( k=4 \), we can use a combination of an array of doubly linked lists and a max heap.

Let the data structure be represented as follows:

1. An array \( A \) of size \( k \), where each element of the array is a pointer to the head of a doubly linked list.
2. A max heap to keep track of the maximum element in the structure.

Each element containing `type` and `value` fields can be represented as a node in the doubly linked list.

The operations can be implemented as follows:

- `Insert(x)`: Insert the element \( x \) into the doubly linked list corresponding to its `type` in constant time. Update the max heap if the inserted element has a greater `value` field than the current maximum.
- `AddToType(t,a)`: Traverse the doubly linked list corresponding to type \( t \) and add \( a \) to the `value` field of each element in \( O(1) \) time.
- `AddToElement(a,x)`: Given a pointer to element \( x \), update the `value` field of the element by \( a \) and adjust the max heap accordingly. Since updating a node in a linked list and adjusting the max heap both take constant time, the amortized time complexity is \( O(1) \).
- `Max(t)`: Simply return the maximum element in the doubly linked list corresponding to type \( t \) in constant time.
- `MaxAll()`: Return the maximum element from the max heap in constant time.

This data structure achieves the desired time complexities for the specified operations."
608,A,TRUE,2017,a,a,4-b,T3/ds17AA-sol.pdf,TAU,na,"```latex
\documentclass{article}
\usepackage[utf8]{inputenc}

\begin{document}

Define elements containing two fields – type, value. Assume that the number of different possible values for the type field is $k$. We want to construct a data structure containing up to $n$ elements that supports the following operations:

\begin{itemize}
    \item \textbf{Insert(x)} – Inserts the element $x$ into the data structure in $O(1)$ time.
    \item \textbf{AddToType(t,a)} – Increases the value field of all elements of type $t$ by $a$ in $O(1)$ time.
    \item \textbf{AddToElement(a,x)} – Receives a pointer to the element $x$ and increases its value field by $a$ in amortized $O(1)$ time.
    \item \textbf{Max(t)} – Returns the maximum element among the elements of type $t$ in $O(1)$ time.
    \item \textbf{MaxAll()} – Returns the maximum element in the structure (without type restriction) in $O(1)$ time.
\end{itemize}

b. Propose such a data structure for up to $k$ different types numbered $1, \ldots, k$.

\end{document}
```",na,"```latex
We will create an array of size 4 that will hold each of the types. 
In each cell we will maintain: 
1. A pointer to a list that contains the elements of the same type. 
2. The maximal element in the list. 
3. An offset field initialized to 0. 

Additionally, we will maintain a field that holds the global maximum. Upon calling Insert, we will refer to the appropriate cell in the array. We will update the type's global maximum if necessary. We will subtract from the inserted element's value the value in the offset field. Then we will insert it into the elements list. Upon calling AddToElement, we will simply update the element's value and the maximums as needed. Upon calling max/maxAll, we will return the value of the relevant max field. When calling AddToType, we will update the offset field and the relevant maximums, and the global maximum if necessary.
```",na,na,tested,,,,total points: 25.00,TRUE,"```latex
To implement a data structure satisfying the specified requirements, we can use an array of linked lists. The array size would be $k$ to accommodate $k$ different types. Each element in the linked list would be a node containing the fields type, value, next, and prev.

When inserting an element, we can add it to the front of the linked list corresponding to its type. This operation would take $O(1)$ time.

To implement AddToType(t,a), we can iterate over the linked list corresponding to type $t$ and increase the value field of each node by $a$. This operation would also take $O(1)$ time since we only need to traverse all nodes of type $t$.

AddToElement(a,x) requires having a pointer to node $x$. We can use a map data structure where the key is the address of the node and the value is a pointer to that node. This way, given a pointer to node $x$, we can directly update its value field in amortized $O(1)$ time.

For Max(t), we can keep track of the maximum element in the linked list corresponding to type $t$. This maximum value would be updated when inserting a new node or when using AddToType. So, we can return this maximum value in $O(1)$ time.

Lastly, for MaxAll(), we can keep track of a global maximum value across all linked lists. This maximum value would be updated when inserting a new node or when using AddToElement. Therefore, we can return this maximum value in $O(1)$ time.

In summary, the proposed data structure consists of an array of linked lists with a map data structure for easy access to specific nodes. The operations Insert, AddToType, Max(t), and MaxAll can all be performed in $O(1)$ time while AddToElement can be performed in amortized $O(1)$ time.
```"
609,A,TRUE,2017,a,a,4-c,T3/ds17AA-sol.pdf,TAU,na,"```latex
Let's define elements containing two fields – type, value. Assume that the number of different possible values for the field type is \( k \). We want to construct a data structure containing up to \( n \) elements that supports the following operations:
\begin{itemize}
    \item \texttt{Insert(x)} – Inserts the element \( X \) into the data structure in \( O(1) \) time.
    \item \texttt{AddToType(t, a)} – Increases the value field of all elements of type \( t \) by \( a \) in \( O(1) \) time.
    \item \texttt{AddToElement(a, x)} – Receives a pointer to element \( X \) and increases its value field by \( a \) in amortized \( O(1) \) time.
    \item \texttt{Max(t)} – Returns the maximum element among the elements of type \( t \) in \( O(1) \) time.
    \item \texttt{MaxAll()} – Returns the maximum element in the structure (without restriction on type) in \( O(1) \) time.
\end{itemize}

\textbf{c.} Add the operation \texttt{del(X)} (which receives a pointer to an element \( X \) and deletes it from the structure) in amortized \( O(\log n) \) time. Now, \texttt{insert} and \texttt{addToType} should run in amortized \( O(1) \) time.
```",na,"```latex
Maintain a Fibonacci heap for each type with an offset field, as well as a Fibonacci heap that contains the maximum of each type. In every relevant operation, ensure to maintain pointers from the maximum elements of the type heaps to the corresponding elements in the global heap. Now, for the operations insert/addToType/addToElement, work within the appropriate type heap, and if necessary, update the corresponding element in the global heap using increase-key. We may also need to update the pointer. Similarly, for the delete operation: remove the element from the appropriate heap, and if necessary, remove it (using the pointer we maintained) from the global heap and insert the new maximum of the type into it. Max/maxAll will return the maximum of a specific type heap or of the global heap. The runtime of the operations we mentioned in Fibonacci heaps meets the requirements.
```",na,na,tested,,,,total points: 25.00,TRUE,"To add the \texttt{del(X)} operation in amortized \( O(\log n) \) time, we can use a combination of data structures: a hash table to store the elements, a doubly linked list to maintain the order of elements, and a binary search tree (such as AVL tree or Red-Black tree) to keep track of the maximum element in each type.

Here is the solution in Latex format:

```latex
\textbf{Solution:}

To achieve the desired time complexity for the \texttt{del(X)} operation, we can maintain a hash table to store the elements with their pointers and a doubly linked list to keep track of the order of elements. Additionally, we will use a binary search tree to maintain the maximum element in each type.

The hash table will have entries in the form of \texttt{<element, pointer to element in linked list>}. The doubly linked list will allow \texttt{Insert} and \texttt{AddToType} to run in amortized \( O(1) \) time. 

For the binary search tree, each node will represent the maximum element in a particular type. Whenever an element is inserted or deleted, we will update the corresponding nodes in the tree. 

When deleting an element \( X \) from the structure using \texttt{del(X)}, we can find the pointer to its corresponding entry in the hash table in \( O(1) \) time, update the binary search tree if necessary, and remove the element from the linked list in \( O(1) \) time. Since updating the binary search tree may take \( O(\log n) \) time in the worst case, the amortized time complexity of \texttt{del(X)} will be \( O(\log n) \).

With this setup, all operations will have the desired time complexity as follows:
- \texttt{Insert(x)} and \texttt{AddToType(t, a)} will run in amortized \( O(1) \) time.
- \texttt{AddToElement(a, x)}, \texttt{Max(t)}, and \texttt{MaxAll()} will still run in \( O(1) \) time.
- \texttt{del(X)} will run in amortized \( O(\log n) \) time.

This data structure provides efficient support for the given operations with the specified time complexities. 
```"
611,A,TRUE,2018,B,B,1-a,T3/ds18bb_sol100(vaad).pdf,TAU,5,"```latex
In this question, we will deal with a data structure for storing a set of elements \(D\). Each element \(x\) in the set has a key, which is an integer in a computer word. We assume that the keys of all elements in \(D\) are different from each other. The operations that can be performed on the data structure are:
- \texttt{Insert}(D, x) - Insert the element \(x\) into \(D\). (It can be assumed that \(x\) is not in \(D\)).
- \texttt{FindByKey}(D, k) - Returns the element in \(D\) with key \(k\), if such exists, otherwise returns \texttt{null}.
- \texttt{FindByIndex}(D, i) - Returns the \(i\)-th element that was inserted into \(D\).

For example, if \(n\) elements were inserted into \(D\), then \texttt{FindByIndex}(D, n) will return the last element inserted, and \texttt{FindByIndex}(D, 3) will return the third element inserted.

Let \(n\) denote the number of elements in \(D\).

(a) Describe a deterministic data structure in which \texttt{FindByIndex}(D, i) and \texttt{Insert}(D, x) take \(O(1)\) time, and \texttt{FindByKey}(D, k) takes \(O(n)\) time. The memory size used by the data structure should be \(O(n)\). The required bounds are worst-case. (Partial credit will be given for solutions presenting an analysis of amortized bounds).
```",na,"```latex
\documentclass{article}
\usepackage{hebfont}

\begin{document}
\textbf{A.} 
We will use an array with a resizing algorithm as taught in the lecture on amortization – instead of waiting for it to be full and then transferring everything at once to a larger array, ensure the transfer of information in parts: every time an insert is made after the current array is more than half full, free up two spaces in the new array and transfer two elements to it.

\textbf{Insert:} As we said – initially allocate an empty array of fixed size (for example, 4), every insertion after it is more than half-full will free up two spaces in the new array and insert two elements into them. This way, the current array is filled, the new array is exactly half full, and ready for us to work with. A fixed number of operations and therefore \(O(1)\) worst case (the insertions are, of course, Insert-last).

\textbf{FindByKey:} Go through all the elements of the array until found, or until the array ends. \(O(n)\) W.C..

\textbf{FindByIndex:} This is an array. \(O(1)\) W.C..
\end{document}
```",na,na,tested,,,,,TRUE,"To achieve the desired time complexities, we can use a combination of two data structures: an array and a hash table.

Let's denote the array as \(A\) and the hash table as \(H\). The array \(A\) will store the elements inserted in the order they were added, and the hash table \(H\) will map keys to their corresponding indices in the array \(A\).

1. \texttt{Insert}(D, x):
   - Add the element \(x\) to the end of the array \(A\).
   - Insert the key-value pair \((\text{key}(x), \text{index}(x))\) into the hash table \(H\), where \(\text{key}(x)\) is the key of \(x\) and \(\text{index}(x)\) is the index of \(x\) in the array \(A\).

2. \texttt{FindByKey}(D, k):
   - If \(k\) does not exist in the hash table \(H\), return \texttt{null}.
   - Otherwise, retrieve the value associated with key \(k\) in the hash table, say \(i\), and return \(A[i]\).

3. \texttt{FindByIndex}(D, i):
   - If \(i\) is not a valid index in the array \(A\) (i.e., \(i < 0\) or \(i \geq \text{length}(A)\)), return \texttt{null}.
   - Otherwise, return \(A[i]\).

This data structure satisfies the required time complexities:
- \texttt{Insert}(D, x) takes \(O(1)\) time as we simply append the element to the end of the array and insert a key-value pair into the hash table.
- \texttt{FindByIndex}(D, i) takes \(O(1)\) time as we directly access the element at index \(i\) in the array.
- \texttt{FindByKey}(D, k) takes \(O(1)\) time to retrieve the index from the hash table and then access the corresponding element in the array.

The memory size used by this data structure is \(O(n)\) since the array \(A\) and the hash table \(H\) both use space proportional to the number of elements in \(D\), \(n\).

Therefore, we have designed a deterministic data structure that satisfies the required bounds."
613,A,TRUE,2018,B,B,1-c,T3/ds18bb_sol100(vaad).pdf,TAU,5,"```latex
Let us now modify the operation \texttt{Insert(D, x)} so that it accepts an additional parameter \(i\) as follows:
- \texttt{Insert(D, i, x)} inserts \(x\) into the data structure with the index \(i\) (assuming \(i\) is at least 1 and is less than or equal to the number of elements in \(D\) plus 1). That is, the index of an element in the data structure is not determined by the serial number of the \texttt{Insert} operation that inserted it, but directly by the additional parameter. Note that inserting an element with index \(i\) increases by 1 the indices of elements with indices greater than or equal to \(i\).

\textbf{c.} Describe a deterministic data structure where \texttt{Insert(D, i, x)} takes \(O(\log(i + 1))\) amortized time, \texttt{FindByIndex(D,i)} takes \(O(\log(i+1))\) worst-case and amortized time, and \texttt{FindByKey(D, k)} takes \(O(n)\) worst-case and amortized time. The memory size used by the data structure should be \(O(n)\).
```

Ensure to include the text in a LaTeX document using appropriate sections or format styles as needed.",na,"```latex
\text{We will use the FingerSearchTree that was taught in class - a WAVL tree with a pointer to the minimum and it maintains the subtreesize (sorted by indices). In class and in the homework, we saw an amortized } O(\log(i+1)) \text{ bound for insert (By Index), and a } O(\log(i+1)) \text{ worst-case bound for search (By Index). Searches by key will be performed by an in-order traversal of the tree. } O(n) \text{ W.C.}
```",na,na,tested,,,,,TRUE,"To design a data structure that satisfies the given requirements, we can use a combination of a balanced binary search tree and an array. The binary search tree will be used to support fast indexing by key, while the array will be used to support fast indexing by position.

Let \(D\) be our data structure, which consists of a balanced binary search tree \(T\) and an array \(A\). Each node in the binary search tree will store a key-value pair \((k, v)\), where \(k\) is the key and \(v\) is the value. The array \(A\) will store pointers to the nodes in \(T\) in a position-based order.

The operations will be defined as follows:

1. \texttt{Insert(D, i, x)}:
   - Create a new node with key \(x\) and value \(x\).
   - Insert this node into the binary search tree \(T\) such that it is in the correct position based on the keys.
   - Update the array \(A\) by inserting a pointer to the new node at position \(i\).
   - Rebalance the binary search tree if necessary.

2. \texttt{FindByIndex(D, i)}:
   - Return the value associated with the node pointed to by the \(i\)-th element in the array \(A\). This can be done in constant time.

3. \texttt{FindByKey(D, k)}:
   - Search for the key \(k\) in the binary search tree \(T\) to find the corresponding value. This operation takes \(O(\log n)\) time in the worst case since \(T\) is a balanced binary search tree.

The memory size used by the data structure is \(O(n)\) because both the binary search tree and the array use space proportional to the number of elements in the data structure.

Therefore, this data structure supports \texttt{Insert(D, i, x)} in \(O(\log(i + 1))\) amortized time, \texttt{FindByIndex(D, i)} in \(O(1)\) time, and \texttt{FindByKey(D, k)} in \(O(\log n)\) worst-case and amortized time."
614,A,TRUE,2018,B,B,1-d,T3/ds18bb_sol100(vaad).pdf,TAU,5,"```latex
d. Describe a deterministic data structure in which the three operations Insert(D, i, x), FindByIndex(D, i), and FindByKey(D, k) take O(\log n) worst-case time. The memory size used by the data structure should be O(n).
```",na,"```latex
D. We will construct two WAVL trees, one sorted by index and the other by key. Insertion into each tree is \( O(\log n) \), so it is the same for both. Searching will be done in the appropriate tree, \( O(\log n) \) W.C.
```",na,na,tested,,,,,TRUE,"A deterministic data structure that satisfies the above conditions is a balanced binary search tree. 

In a balanced binary search tree, such as AVL tree or Red-Black tree, the height of the tree is always logarithmic in the number of nodes (n) in the tree. This ensures that both insertion and find operations take O(\log n) worst-case time.

The memory size used by a balanced binary search tree is O(n) since each node in the tree requires a constant amount of memory to store the key, value, pointers to its children, and any additional metadata needed for balancing.

Therefore, a balanced binary search tree is a deterministic data structure in which Insert, FindByIndex, and FindByKey operations take O(\log n) worst-case time, while the memory size used is O(n)."
615,A,TRUE,2018,B,B,1-e,T3/ds18bb_sol100(vaad).pdf,TAU,5,"```latex
\text{h. Describe a data structure where } \text{Insert}(D,i,x) \text{ takes } O(\log(i+1)) \text{ amortized time, } \text{FindByIndex}(D,i) \text{ takes } O(\log(i+1)) \text{ worst-case and amortized time, and } \text{FindByKey}(D,k) \text{ takes } O(1) \text{ expected time. The memory size used by the data structure should be } O(n).
```",na,"```latex
We maintain two data structures – a FingerSearch tree sorted by index, and a hash table for keys with chaining that inserts at the head of the list (which is \(O(1)\) in the worst case without affecting the complexity of the insertion). The table starts with a fixed size but when the load factor exceeds half, we perform rehashing to a table twice as large. Therefore, the insertion complexity is amortized: inserting into the tree takes \(O(\log(i+1))\) amortized, and into the table \(O(1)\) amortized. Together, they are \(O(\log(i+1))\) amortized.

FindByIndex in the tree takes \(O(\log(i+1))\) in the worst case according to the FingerSearch tree algorithmics. 

FindByKey will take \(O(1)\) on average because the hash table is large enough (a load factor less than or equal to 0.5 means that on average there is less than one collision per cell in the table).
```",na,na,tested,,,,,TRUE,"To achieve the desired time complexities for the operations while maintaining a memory size of O(n), we can use a combination of a dynamic array (or resizable array) and a hash table.

Let us define the data structure D as follows:
- The dynamic array will store the elements in order, allowing us to insert elements at index i in O(1) expected time.
- The hash table will store key-value pairs where the key is the element in the dynamic array and the value is the index of that element in the dynamic array. This will allow us to find an element by key in O(1) expected time.
- The dynamic array will have extra memory allocated beyond the current size of n, to prevent frequent resizing of the array.

Now let's describe the operations:
1. Insert(D,i,x): To insert element x at index i in the dynamic array, we shift the elements after index i to the right to make space for x. This can be done in O(i+1) time (linear to the position of insertion). Since we have extra memory allocated in the dynamic array, we can accommodate such shifts without resizing the array frequently. As a result, the amortized time complexity for insert operation becomes O(log(i+1)).

2. FindByIndex(D,i): To find the element at index i in the dynamic array, we can directly access it in O(1) worst-case time. As the dynamic array is storing elements in order, finding an element by index will also take O(1) amortized time.

3. FindByKey(D,k): To find the element with key k, we can directly look up the hash table for the index of that key in O(1) expected time. Then we can use this index to access the element from the dynamic array. This results in an overall time complexity of O(1) expected time.

In summary, by combining a dynamic array and a hash table in the described manner, we can achieve the desired time complexities for the operations Insert, FindByIndex, and FindByKey while using O(n) memory size."
616,A,TRUE,2018,B,B,2-a,T3/ds18bb_sol100(vaad).pdf,TAU,5,"```latex
% The following is a translation from Hebrew to English in LaTeX format.

In this question, we will discuss a data structure that supports a collection of lists. Each list consists of items. Each item can belong to at most one list. The operations on the data structure are:

- \( X \leftarrow \text{Item()} \): Create a new item \( X \) that does not belong to any list.
- \( \text{InsertAfter}(X, Y) \): Insert \( Y \) immediately after \( X \) in the list in which \( X \) is found. Before this operation, \( Y \) must not already be in any list. If \( X \) is not yet in any list, a new list containing both items \( X \) and \( Y \) is created.
- \( \text{AfterQ}(X, Y) \): Return \( \text{True} \) if \( X \) is after \( Y \) in the list, \( \text{False} \) otherwise. (Note that \( Y \) does not need to be immediately preceding \( X \); if \( X \) and \( Y \) are not in the same list, the answer should be \( \text{False} \).

In all parts, the operation \( \text{Item()} \) must be implemented in constant time. Also, \( n \) is always the length of the list to which the item \( X \) belongs.

a. Describe a data structure that implements \( \text{InsertAfter}(X, Y) \) in \( O(1) \) time and \( \text{AfterQ}(X, Y) \) in \( O(n) \) time. (Both times are worst-case).
```

This LaTeX document includes the necessary formatting for mathematical expressions and provides a structured translation of the original Hebrew text.",na,Linked list. Insert-After: We will implement it such that it takes O(1). AfterQ: We will go through the list  where x exists by order until we find x or achieve the end of the list - Complexity AfterQ O(n) Worst case.,na,na,tested,,,,,TRUE,"To implement the data structure supporting the operations \( \text{InsertAfter}(X, Y) \) in \( O(1) \) time and \( \text{AfterQ}(X, Y) \) in \( O(n) \) time, we can use a combination of doubly linked lists and hash tables.

Let's define the following data structures:
- Doubly linked list to represent each list where each node contains a reference to the item and pointers to the previous and next nodes.
- Hash table to map each item to its corresponding node in the doubly linked list.

The operations are as follows:

- \( X \leftarrow \text{Item()} \): Create a new item \( X \) and a new node for \( X \) in the doubly linked list. Add an entry in the hash table mapping \( X \) to its node.
- \( \text{InsertAfter}(X, Y) \): Retrieve the node corresponding to \( X \) from the hash table. If \( X \) doesn't belong to any list yet, create a new doubly linked list with a single node containing \( X \) and update the hash table. Then, insert \( Y \) after \( X \) in the list by updating the pointers of nodes accordingly.
- \( \text{AfterQ}(X, Y) \): Retrieve the nodes corresponding to \( X \) and \( Y \) from the hash table. Traverse the list starting from the node of \( X \) and check if \( Y \) is found along the way. If \( Y \) is found after \( X \), return \( \text{True} \); otherwise, return \( \text{False} \).

With this implementation, \( \text{InsertAfter}(X, Y) \) can be done in \( O(1) \) time as it involves updating pointers, and \( \text{AfterQ}(X, Y) \) takes \( O(n) \) time in the worst case since it requires traversing the list to find the position of \( Y \) relative to \( X \)."
617,A,TRUE,2018,B,B,2-b,T3/ds18bb_sol100(vaad).pdf,TAU,5,"```latex
b. Describe a data structure that implements \( \text{InsertAfter}(X, Y) \) and \( \text{AfterQ}(X, Y) \) in \( O(\log n) \) time. (Both times are worst-case).
```",na,"We will use WAVL tree. Insert: takes O(logn) W.C. AfterQ: from two node X, Y we will go up to the root and save the path in a stack, if the root is different we will return false, if the root is the same, we will go through the stacks until the first corresponding nodes that are different where will return true - Complexity of AfterQ is O(logn) W.C.",na,na,tested,,,,,TRUE,"To achieve \( O(\log n) \) time complexity for both operations, we can use a data structure based on a balanced binary search tree. 

For \( \text{InsertAfter}(X, Y) \), we can follow these steps:
1. Search for the node containing \( X \) in the binary search tree which will take \( O(\log n) \) time.
2. Insert a new node containing \( Y \) after the \( X \) node. This can also be done in \( O(\log n) \) time in a balanced binary search tree.

For \( \text{AfterQ}(X, Y) \), we can follow these steps:
1. Search for the node containing \( X \) in the binary search tree, which will take \( O(\log n) \) time.
2. Find the successor of the node containing \( X \) in the binary search tree. This operation can be done in constant time if each node maintains a pointer to its successor.

Therefore, by using a balanced binary search tree where each node maintains a pointer/reference to its successor, we can implement both \( \text{InsertAfter}(X, Y) \) and \( \text{AfterQ}(X, Y) \) operations in \( O(\log n) \) time."
778,A,TRUE,2018,B,A,2-b,T3/ds18ba_sol88(vaad).pdf,TAU,5,"```latex
We want to maintain data structures for an auction. There are \( m \) products labeled \( m-1, \ldots, 0 \), and \( n \) people. Each person has their own name, which fits into a computer word. The data structure needs to support the following operations:

\begin{itemize}
    \item \texttt{init\_auction(m)} - Initialize the data structure for \( m \) products.
    \item \texttt{add\_bid(person\_name, product\_id, price)} - Adds a bid by a person for a product.
    \item \texttt{highest\_bid\_for\_product(product\_id)} - Returns the highest bid made so far for a specific product.
    \item \texttt{highest\_bid\_overall()} - Returns the highest bid for all products.
    \item If no bid has been made for a product, the operation \texttt{highest\_bid\_for\_product(product\_id)} should indicate this.
    \item \texttt{retract\_bid(bid)} - Cancels a given bid (bid is an object created by the \texttt{add\_bid} operation).
\end{itemize}

Each person is allowed to submit at most one bid per product. Provide an efficient deterministic implementation for the defined interface. What is the best worst-case time required for each operation?
```",na,"```latex
We will maintain an array of size \( m \) where each cell points to a balanced tree (AVL). Additionally, we will maintain another tree for the bids of all products. In all trees, we will maintain a pointer to the maximum.

\textbf{Init} - Initialization of the array.

\textbf{Add\_bid/Retract\_bid} - For each insertion/removal, we add to the large tree and also to the tree corresponding to the product. The update of the maximum pointer is also absorbed in \( O(\log n) \) for each tree.

\textbf{highest\_bid\_for\_product/highest\_bid\_overall} - Returns the value of the appropriate pointers in \( O(1) \).
```",na,na,tested,,,,,TRUE,"To implement the data structure for the auction, we can use a combination of hash tables and priority queues. 

Let's define the data structures we will be using:
- A hash table named `bids` to store all the bids made by each person for each product. Each entry in this hash table will be of the form `(product_id, person_name, price)`.
- A hash table named `highest_bids_for_product` to store the highest bid made for each product. Each entry in this hash table will be of the form `(product_id, highest_bid)`.
- A priority queue named `highest_bids` to store the overall highest bids across all products.

Here is the implementation for the provided interface:

\begin{verbatim}
init_auction(m):
    Initialize `bids`, `highest_bids_for_product`, and `highest_bids`.

add_bid(person_name, product_id, price):
    If there is already a bid for the specified product by the same person, return an error.
    Store the new bid in `bids`.
    Update the `highest_bids_for_product` and `highest_bids` if necessary.

highest_bid_for_product(product_id):
    If `highest_bids_for_product[product_id]` exists, return the highest bid for that product.
    Otherwise, indicate that no bid has been made for this product.

highest_bid_overall():
    If `highest_bids` is not empty, return the highest bid from the priority queue.
    Otherwise, indicate that no bids have been made.

retract_bid(bid):
    Remove the specified bid from `bids`.
    Update the `highest_bids_for_product` and `highest_bids` if necessary.
\end{verbatim}

The best worst-case time required for each operation is as follows:
- \texttt{init\_auction(m)}: \( O(m) \)
- \texttt{add\_bid(person\_name, product\_id, price)}: \( O(\log n) \) where \( n \) is the total number of bids made.
- \texttt{highest\_bid\_for\_product(product\_id)}: \( O(1) \)
- \texttt{highest\_bid\_overall()}: \( O(1) \)
- \texttt{retract\_bid(bid)}: \( O(\log n) \) where \( n \) is the total number of bids made."
780,A,TRUE,2018,B,A,2-d,T3/ds18ba_sol88(vaad).pdf,TAU,5,"```latex
We want to maintain data structures for an auction. There are \( m \) products, \( m-1, \ldots, 0 \), and \( n \) people. Each person has their own name that fits into a computer word. The data structure should support the following operations:

\begin{itemize}
    \item \texttt{init\_auction(m)} - Initialize the data structure.
    \item \texttt{add\_bid(person\_name, product\_id, price)} - Adds a bid of a person for a product.
    \item \texttt{highest\_bid\_for\_product(product\_id)} - Returns the highest bid given so far for a specific product.
    \item \texttt{highest\_bid\_overall()} - Returns the highest bid across all products.
\end{itemize}

If no bid has been placed for a product yet, the operation \texttt{highest\_bid\_for\_product(product\_id)} should indicate this.

\begin{itemize}
    \item \texttt{retract\_bid(bid)} - Cancels a bid that was placed. \texttt{bid} is an object created by the \texttt{add\_bid} operation.
    \item \texttt{increase\_bid(bid, delta)} - Increases a bid by \texttt{delta}, where \(\texttt{delta} > 0\).
    \item \texttt{merge\_products(product\_id1, product\_id2)} - This operation merges two products. The identifier of the merged product is \texttt{product\_id1}. The product \texttt{product\_id2} ceases to exist.
\end{itemize}

A person can have more than one bid for the merged product. Provide an efficient deterministic implementation for the defined interface. What is the best amortized time required for each operation?
```",na,"```latex
We will maintain an array of size \( m \) where each cell points to a maximum Fibonacci heap. 

\textbf{Init} - Initialize an array of size \( m \) and also maintain a general maximum heap.

\textbf{Add\_bid} - Access the appropriate cell in the array and \texttt{insert} in \( O(1) \) amortized to both heaps.

\textbf{Highest\_bid\_for\_product} / \textbf{highest\_bid\_overall} - Return the values from the maximum pointers in \( O(1) \) amortized.

\textbf{increase\_bid} - In \( O(1) \) amortized.

\textbf{retract\_bid} - In \( O(\log n) \) amortized, similar to performing \texttt{delete\_min}.

\textbf{merge\_products} - Done similarly to the merging of heaps; we merge the heap of product 2 into the heap of product 1 and update the maximum if necessary \( O(1) \).
```",na,na,tested,,,,,TRUE,"To implement this data structure efficiently, we can use a combination of data structures such as hash maps and priority queues (e.g., max heap). 

Let's define the data structures we would need to maintain:

1. Hash map `highest_bid_per_product` to store the highest bid for each product. Initialize all entries to be empty.
2. Priority queue (max heap) `all_bids` to maintain all the bids placed. Each bid would contain information about the person, product, and price.
3. Hash map `person_bids` to store all bids made by each person. Initialize all entries to an empty list.

Now, let's provide the Latex format of the implementation:

```latex
\texttt{init\_auction(m)}:
Set \text{highest\_bid\_per\_product} as an empty hash map.
Set \text{all\_bids} as an empty priority queue.
Set \text{person\_bids} as an empty hash map.

\texttt{add\_bid(person\_name, product\_id, price)}:
Create a bid object with person\_name, product\_id, and price.
Insert the bid into \text{all\_bids}.
Update \text{person\_bids[person\_name]} to include this bid.
Update \text{highest\_bid\_per\_product[product\_id]} if the new bid is higher.

\texttt{highest\_bid\_for\_product(product\_id)}:
Return \text{highest\_bid\_per\_product[product\_id]} if exists, otherwise indicate no bid has been placed yet for this product.

\texttt{highest\_bid\_overall()}:
Return the highest bid from the top of \text{all\_bids} priority queue.

\texttt{retract\_bid(bid)}:
Remove the bid from \text{all\_bids}.
Remove the bid from \text{person\_bids[person\_name]}.
If this bid was the highest for its product, update \text{highest\_bid\_per\_product[product\_id]}.

\texttt{increase\_bid(bid, delta)}:
Increase the price of the bid in \text{all\_bids} by \text{delta}.
Update \text{highest\_bid\_per\_product[product\_id]} if the new price is higher.

\texttt{merge\_products(product\_id1, product\_id2)}:
Merge \text{product\_id2} into \text{product\_id1}.
For each bid made for \text{product\_id2}, update the product\_id to \text{product\_id1} in \text{all\_bids} and \text{highest\_bid\_per\_product}.

The best amortized time required for each operation can be achieved by using a Fibonacci heap, which allows for constant time complexity for most operations (insertion, deletion, and extraction of the maximum element from the heap). This results in O(1) amortized time complexity for each operation.
```"
850,A,TRUE,2017,A,B,2-b,T3/ds17AB-sol.pdf,TAU,6.25,"```latex
A data structure is required to support the following operations on elements containing two fields – id, amount. At any given moment, the number of elements in the structure does not exceed N.
\begin{enumerate}
    \item (Add(i,x)): Increases the amount field of the (unique) element with id=i by x if it exists. Otherwise, if such an element does not exist, adds an element with id=i, amount=x (no pointer to the element is provided).
    \item ()whoIsMax: Returns the id for which the amount field is maximal (if there is more than one, returns one of them).
    \item (Reduce(i,y)): Decreases y from the amount of the element with id=i (no pointer to the element is provided).
\end{enumerate}

Assume all ids are in the range [1,3n]. Describe a deterministic structure that also supports operation 3 in amortized \(O(\log n)\) time. In this case, operation 1 will be performed in amortized \(O(1)\) time and operation 2 will remain in \(O(1)\) worst-case time.
```

This LaTeX snippet provides a structured and readable format for the translated passage, suitable for incorporation into documents.",na,"```latex
In addition to the structure we used in Section A, we will maintain a Fibonacci heap. In every cell of the array, we will maintain a pointer to the corresponding element in the heap. Upon insertion (if it does not exist), we update the array and add an element to the heap - \(O(1)\). If the element exists, the insertion into the heap will take \(O(1)\) amortized. whoIsMax as early. In the new operation - we will update the corresponding element in the array, follow the pointer to the heap, and perform a delete and re-insert into the heap (update the pointers accordingly). \(O(\log n)\) amortized.
```",na,na,tested,,,,,TRUE,"```latex
We can achieve this by using a combination of a Binary Indexed Tree (BIT) and a map/hash table. The BIT will help us efficiently maintain the sum of amounts for each id, while the map will enable us to easily locate and update individual amounts.

1. Adding an element (Add(i,x)):
   a. Check if the element with id=i already exists in the map.
   b. If it does, update the amount field by adding x to it.
   c. If it does not exist, add the element with id=i and amount=x to the map.
   d. Update the BIT at position i by adding x.

2. Finding the id with the maximum amount (whoIsMax):
   a. Traverse through all possible ids (1 to 3n) and find the one with the maximum amount by querying the BIT.
   b. Return the id with the maximum amount.

3. Reducing the amount of an element (Reduce(i,y)):
   a. Retrieve the current amount of the element with id=i from the map.
   b. Update the amount in the map by subtracting y.
   c. Update the BIT at position i by subtracting y.

With this structure, we can perform operations 1 and 2 in O(1) amortized time and operation 3 in O(log n) amortized time, since updating the BIT has a time complexity of O(log n) due to its binary nature. The overall time complexity for each operation satisfies the given requirements.
```"
851,A,TRUE,2017,A,B,2-c,T3/ds17AB-sol.pdf,TAU,6.25,"```latex
A data structure is required to support the following operations on elements containing two fields - \texttt{id}, \texttt{amount}. At any given moment, the number of elements in the structure does not exceed \texttt{N}.
\begin{enumerate}
    \item \texttt{Add(i,x)} increases the \texttt{amount} field of the element with \texttt{id=i} by \texttt{x} if it exists. Otherwise, if no such element exists, adds an element with \texttt{id=i}, \texttt{amount=x} (a pointer to the element is not provided).
    \item \texttt{whoIsMax()} returns the \texttt{id} for which the \texttt{amount} field is maximal (if there is more than one, it returns one of them).
    \item \texttt{Reduce(i,y)} decreases the \texttt{amount} of the element with \texttt{id=i} by \texttt{y} (a pointer to the element is not provided).
\end{enumerate}

Assume that all \texttt{id}s are in the range \([1,3N]\).
Explain why it is not possible to implement all operations in \(O(1)\) amortized time, even with randomness.
```

Ensure that this is placed within a LaTeX document environment for it to compile correctly. The translation retains the original text's meaning and operations but adapts the formatting to English and LaTeX.",na,"```latex
\documentclass{article}
\usepackage[utf8]{inputenc}
\begin{document}

It seems there is a contradiction to the sorting bound. Suppose we are given a set of $n$ numbers. We insert them into the structure using \texttt{Add} with an \texttt{id} that increases by one each time. Now, we perform \texttt{whoIsMax} $n$ times to obtain the next largest element, and we perform \texttt{reduce(I, inf)} on it.

\end{document}
```

This LaTeX code captures the translation of the provided text into English, using suitable commands to format the text within a LaTeX document.",na,na,tested,,,,,TRUE,"In order to support the given operations on elements with fields \texttt{id} and \texttt{amount}, a data structure is required. The data structure should be able to handle the following operations:

\begin{enumerate}
    \item \texttt{Add(i,x)}: This operation increases the \texttt{amount} field by \texttt{x} for the element with \texttt{id=i}, if it exists. If no such element exists, a new element with \texttt{id=i} and \texttt{amount=x} is added (without providing a pointer to the element).
    
    \item \texttt{whoIsMax()}: This operation returns the \texttt{id} of the element for which the \texttt{amount} field is maximal. If there are multiple such elements, it can return any one of them.
    
    \item \texttt{Reduce(i,y)}: This operation decreases the \texttt{amount} field by \texttt{y} for the element with \texttt{id=i} (without providing a pointer to the element).
\end{enumerate}

It is assumed that all \texttt{id}s are in the range \([1,3N]\). The task at hand is to explain why it is not possible to implement all operations in \(O(1)\) amortized time, even with the use of randomness."
855,A,TRUE,2017,A,B,3-c,T3/ds17AB-sol.pdf,TAU,6.25,"```latex
Is it possible to implement an AVL tree such that we add to it the operation: return the minimal element that is greater than or equal to the average of the elements in \(O(1)\) time, without affecting the runtime of the other operations?
```",na,"```latex
\documentclass{article}
\usepackage{polyglossia}
\setdefaultlanguage{english}
\usepackage{amsmath}

\begin{document}

We will maintain an auxiliary pointer that will be updated on every \texttt{insert}, \texttt{delete} operation and will point to the relevant element. This will require updating the average at each step and searching for the appropriate element, which falls within a running time of \(O(\log n)\).

\end{document}
```

Make sure to compile this with a LaTeX engine that supports Unicode, such as XeLaTeX or LuaLaTeX, especially if you incorporate the original Hebrew text.",na,na,tested,,,,,TRUE,"No, it is not possible to implement an AVL tree with the described operation in \(O(1)\) time without affecting the runtime of the other operations.

```latex
\text{Let's assume we have an AVL tree with the described operation.}
\text{Let n be the number of nodes in the AVL tree.}

\text{To return the minimal element that is greater than or equal to the average of the elements in } O(1) \text{ time, we need to keep track of the following:}
\text{1. The average of the elements in the AVL tree.}
\text{2. The minimal element that is greater than or equal to the average.}

\text{Updating these values whenever there is an insert or delete operation in the AVL tree will take at least } O(\log n) \text{ time.}
\text{Hence, it is not possible to implement the described operation in } O(1) \text{ time without affecting the runtime of the other operations.}
```"
857,A,TRUE,2017,A,B,4-a,T3/ds17AB-sol.pdf,TAU,8.3,"```latex
We want to maintain a data structure containing sets of numbers. Assume each set has a unique identifier. We define a continuous interval of set identifiers as follows: Given a sorted array $A$ of all the set identifiers, a continuous interval of identifiers is a set containing all the elements in a sub-array of $A$.

For example: Assume the data structure currently contains sets with identifiers $\{1, 13, 42, 50\}$, then:
The set $\{1, 13\}$ is a continuous interval.
The set $\{13, 42, 50\}$ is a continuous interval.
The set $\{1, 42\}$ is not a continuous interval.

Let $n$ denote the number of sets and $m$ the maximum size of a set. When possible, express the complexity using $m, n$, and $|B|$.

Implement a deterministic data structure supporting the following operations:
\begin{itemize}
    \item \texttt{createSet(setId)} - Creates a set with the identifier \texttt{setId}.
    \item \texttt{insertToSets(B, E)} - Given an array containing elements of a continuous interval of identifiers $B$ (existing in the structure) and an array of elements $E$, insert the element \texttt{E[i]} into the set with the identifier \texttt{B[i]}. The two arrays have the same length.
\end{itemize}
```",na,"```latex
We will maintain a balanced binary search tree where the keys are the group identifiers. In \texttt{createSet}, we will insert a new element into the tree, which will point to a separate balanced binary search tree containing the group's elements and a pointer to its minimum. (O(\log n)). For \texttt{getMin}, we will search in the groups' tree and return the minimum of the corresponding group's tree.

\texttt{getContMin}: We will find the appropriate node in the tree for the group with the minimal identifier in the interval. We will return its minimum and the minimums of all subsequent groups using consecutive calls to \texttt{successor}. Overall, O(\log n + |B|). We will implement the other operations similarly. The running times will be O(\log(n) + |B|(1+\log(m))).
```

This translation captures the structure and content of the original text and incorporates LaTeX formatting where relevant.",na,na,tested,,,,,TRUE,"To implement a deterministic data structure supporting the given operations, we can use a data structure that combines a map and a list. We can maintain a map where the key is the set identifier and the value is the set of numbers in that set. Additionally, we can maintain a sorted list of set identifiers to keep track of the order of the sets.

Let's define the data structure and the operations:

- Data Structure:
    - Sets: a map where key is the set identifier and value is the set of numbers in that set.
    - SortedArray: a sorted list of set identifiers.
    
- Operations:
    - \texttt{createSet(setId)}:
    
\[
\texttt{createSet}(setId):
\]
\[
\text{\hspace{40pt} Sets[setId] = \emptyset}
\]
\[
\text{\hspace{40pt} Insert setId into SortedArray}
\]

- \texttt{insertToSets(B, E)}:
    
\[
\texttt{insertToSets}(B, E):
\]
\[
\text{\hspace{40pt} n = length(B)}
\]
\[
\text{\hspace{40pt} for i in range(n):}
\]
\[
\text{\hspace{60pt} Sets[B[i]].add(E[i])}
\]

Given this implementation, let's analyze the time complexity of the operations:

- \texttt{createSet(setId)}:
    - Adding a new set identifier to the map and the sorted list takes $O(1)$ time.
    
- \texttt{insertToSets(B, E)}:
    - Let $m$ be the maximum size of a set, and $|B|$ be the length of the arrays $B$ and $E$. Since we are iterating through $B$ and $E$ once, the time complexity is $O(|B|)$.

Overall, the time complexity of \texttt{createSet} is $O(1)$ and the time complexity of \texttt{insertToSets} is $O(|B|)$, where $|B|$ depends on $n$ (the number of sets) and $m$ (the maximum size of a set)."
859,A,TRUE,2017,A,B,4-c,T3/ds17AB-sol.pdf,TAU,8.3,"```latex
\documentclass{article}
\usepackage[utf8]{inputenc}

\begin{document}

We wish to maintain a data structure containing sets of numbers. Let's assume each set has a unique identifier number. We define a continuous interval of set identifiers as follows: Given a sorted array \(A\) of all set identifiers, a continuous interval of identifiers is a set containing all elements in a subarray of \(A\).

For example: Suppose the data structure contains sets with the identifiers \(\{1, 13, 42, 50\}\) at a given moment. Then:
\begin{itemize}
  \item The set \(\{1, 13\}\) is a continuous interval.
  \item The set \(\{13, 42, 250\}\) is a continuous interval.
  \item The set \(\{1, 42\}\) is not a continuous interval.
\end{itemize}

Let \(n\) denote the number of sets, and \(m\) denote the maximum size of a set. When possible, express the complexity in terms of \(m\), \(n\), and \(|B|\).

Implement a random data structure that supports the following operations:
\begin{itemize}
  \item \texttt{createSet(setId)}: Create a set with the identifier \texttt{setId}.
  \item \texttt{insertToSets(B, E)}: Given an array containing elements of a continuous interval of identifiers \(B\) (existing in the structure) and an array of elements \(E\), insert the element \(E[i]\) into the set with the identifier \(B[i]\). Both arrays have the same length.
\end{itemize}

\end{document}
```",na,"```latex
We will create a double hash table. For each setId, we will insert into the hash table where the value is a pointer to another hash table. The manner of implementing the operations is immediate. The complexity of createId is $O(1)$ on average, and for the other operations, it is $O(|B|)$ on average.
```",na,na,tested,,,,,TRUE,"```latex
\documentclass{article}
\usepackage[utf8]{inputenc}

\begin{document}

We wish to maintain a data structure containing sets of numbers. Let's assume each set has a unique identifier number. We define a continuous interval of set identifiers as follows: Given a sorted array \(A\) of all set identifiers, a continuous interval of identifiers is a set containing all elements in a subarray of \(A\).

For example: Suppose the data structure contains sets with the identifiers \(\{1, 13, 42, 50\}\) at a given moment. Then:
\begin{itemize}
  \item The set \(\{1, 13\}\) is a continuous interval.
  \item The set \(\{13, 42, 250\}\) is a continuous interval.
  \item The set \(\{1, 42\}\) is not a continuous interval.
\end{itemize}

Let \(n\) denote the number of sets, and \(m\) denote the maximum size of a set. When possible, express the complexity in terms of \(m\), \(n\), and \(|B|\).

Implement a random data structure that supports the following operations:
\begin{itemize}
  \item \texttt{createSet(setId)}: Create a set with the identifier \texttt{setId}.
  \item \texttt{insertToSets(B, E)}: Given an array containing elements of a continuous interval of identifiers \(B\) (existing in the structure) and an array of elements \(E\), insert the element \(E[i]\) into the set with the identifier \(B[i]\). Both arrays have the same length.
\end{itemize}

\end{document}
```"
881,A,TRUE,2014,A,B,4-b,T3/ds14ab-sol(vaad).pdf,TAU,na,"```latex
Propose a dynamic data structure that allows Insert(x, y) and Delete(x, y) of segments on the line in worst-case time $O(\log n)$, as well as the operation IsCentric(x, y), which receives a segment in the structure and answers whether the segment is centric, in worst-case time $O(1)$. (Note that delete does not receive a pointer to the segment, but its coordinates.)
```",na,"```latex
\documentclass{article}
\usepackage[utf8]{inputenc}
\usepackage[english]{babel}

\begin{document}

\section*{Structure Description}
Two order-statistic trees (balanced binary search trees with a size field at the nodes). One according to \(x\) and the other according to \(y\). A pointer to the \(n/4\) element in \(x\) and the \(3n/4\) element in \(y\).

\section*{Implementation of Insert Operation and Run Time Analysis}
Insert into both trees and perform select to update the pointers.

\section*{Implementation of Delete Operation and Run Time Analysis}
Delete from both trees and perform select to update the pointers.

\section*{Implementation of isCentric Operation and Run Time Analysis}
Check the ratio with respect to the \(x\) and \(y\) values of the pointers.

\end{document}
```",na,na,tested,,,,כל השאלה 30 נק,TRUE,"To achieve this, we can use a data structure known as a Dynamic Segment Tree, where each node represents a segment on the line. Each node will contain the segment it represents and pointers to its left and right child nodes.

When inserting a segment $(x, y)$ into the dynamic segment tree, we can insert it as we would in a regular segment tree but with an additional check if the segment is centric. This can be done by comparing the segment $(x, y)$ with the midpoints of all other segments present in the tree. If $(x, y)$ is centric (i.e., it overlaps with the midpoint of another segment or vice versa), then a flag will be set for the segment indicating that it is centric.

For deleting a segment $(x, y)$, we can perform a query starting from the root of the tree downwards to find the segment to delete based on its coordinates. Once found, we can delete the segment from the tree.

The operation IsCentric can be implemented in $O(1)$ time by just checking the flag that was set during the insertion operation for the given segment.

Thus, with the dynamic segment tree, we can achieve Insert and Delete operations in $O(\log n)$ time and IsCentric operation in $O(1)$ time in worst-case scenarios."
882,A,TRUE,2014,A,B,4-c,T3/ds14ab-sol(vaad).pdf,TAU,na,"```latex
Propose a dynamic data structure that allows for \texttt{Insert(x,y)} and \texttt{Delete(x,y)} of segments (x,y) on the line in expected time $O(\log n)$, a \texttt{Find-Min()} operation that returns the shortest segment in constant time, and linear construction time (that is, given $n$ segments, the structure can be built in linear time to contain all of them). It can be assumed that all segments have different lengths. (Note that \texttt{delete} does not receive a pointer to the segment, but its coordinates.)
```",na,"Here's the translated text in LaTeX format:

```latex
\documentclass{article}
\usepackage[utf8]{inputenc}

\begin{document}

\section*{Data Structure Description: Minimum Heap and Hash Table with Mutual Pointers}

The key is the length of the segment.

\subsection*{Implementation of Find-Min Operation and Running Time Analysis}

Return the root of the heap (min operation of the heap).

\subsection*{Implementation of Delete and Insert Operations, and Running Time Analysis}

When inserting, insert into both the heap and the table, and update the table with a pointer to the location in the heap. When deleting, find the key in the hash table, get a pointer based on it, and delete from the heap. Also delete from the table. During insertion or deletion, if the position has changed, update the pointer in the hash table.

\subsection*{Implementation of the Building Process and Running Time Analysis}

Build a binary heap in linear time. Insert each element into the hash table using chaining, at the head of the list, and simultaneously update the pointer to the location in the heap.

\end{document}
```

This LaTeX document translates your Hebrew text into English, formatted with basic structure for an academic or technical document.",na,na,tested,,,,כל השאלה 30 נק,TRUE,"To achieve the required operations in the specified time complexity, we can use a data structure called a Segment Tree, specifically designed to handle intervals or segments. In this case, we will use a Dynamic Segment Tree.

A Dynamic Segment Tree is a modified version of a traditional Segment Tree that allows for efficient updates and deletions of segments. 

For this problem, we can represent the segments as a tree structure where each node corresponds to a segment in the line. The segments can be sorted based on their length to maintain the order.

The structure of each node in the Dynamic Segment Tree can contain the following information:
- Start and end coordinates of the segment
- Length of the segment
- Pointers to left and right child nodes
- Other necessary information for tree operations

The operations can be implemented as follows:

1. \texttt{Insert(x, y)}:
   To insert a segment (x, y) into the Dynamic Segment Tree, we start at the root and recursively traverse the tree to find the correct position for insertion based on the length of segments. This operation will have an expected time complexity of $O(\log n)$.

2. \texttt{Delete(x, y)}:
   To delete a segment (x, y) from the Dynamic Segment Tree, we need to search for the segment with coordinates (x, y) and remove it from the tree. This operation will also have an expected time complexity of $O(\log n)$.

3. \texttt{Find-Min()}:
   To find the shortest segment in the Dynamic Segment Tree, we simply need to return the segment stored at the bottom-left node of the tree, as it will contain the smallest length. This operation can be done in constant time.

4. Linear Construction Time:
   The Dynamic Segment Tree can be built in linear time by initially constructing a balanced binary search tree based on the lengths of segments, and then converting it into a Dynamic Segment Tree. This process can be done in $O(n)$ time complexity.

The Dynamic Segment Tree allows for efficient insertion, deletion, and search operations on segments while maintaining the required time complexities for the specified operations."
